#pragma once
// Dialogue function fingerprints. Relative operands are resolved at startup.
// Addresses in the local investigation are not runtime addresses.
namespace crimson {
struct DialogueRef { U16 displacement, next, symbol; U8 executable; };
struct DialoguePattern { Signature shape; const DialogueRef* refs; U32 refCount; const U8* unwind; U32 unwindSize; };
static const U8 DialogueInputBytes[] = {
    0x48,0x89,0x5C,0x24,0x20,0x48,0x89,0x4C,0x24,0x08,0x55,0x56,0x57,0x41,0x54,0x41,0x55,0x41,0x56,0x41,0x57,0x48,0x8D,0xAC,
    0x24,0x30,0xFF,0xFF,0xFF,0x48,0x81,0xEC,0xD0,0x01,0x00,0x00,0x41,0x0F,0xB6,0xD9,0x4D,0x8B,0xF0,0x48,0x8B,0xFA,0x4C,0x8B,
    0xE1,0x33,0xF6,0x48,0x85,0xD2,0x74,0x1B,0x48,0x8B,0x02,0x48,0x8D,0x15,0x2E,0xB9,0xC6,0x05,0x48,0x8B,0xCF,0xFF,0x90,0x90,
    0x01,0x00,0x00,0x84,0xC0,0x48,0x0F,0x44,0xFE,0xEB,0x03,0x48,0x8B,0xFE,0x4D,0x85,0xF6,0x74,0x1B,0x49,0x8B,0x06,0x48,0x8D,
    0x15,0x13,0xB9,0xC6,0x05,0x49,0x8B,0xCE,0xFF,0x90,0x90,0x01,0x00,0x00,0x84,0xC0,0x4C,0x0F,0x44,0xF6,0xEB,0x03,0x4C,0x8B,
    0xF6,0x4C,0x89,0xB5,0x20,0x01,0x00,0x00,0x49,0x8B,0x8C,0x24,0x28,0x02,0x00,0x00,0x41,0x8B,0x94,0x24,0x30,0x02,0x00,0x00,
    0x8B,0xC6,0x85,0xD2,0x74,0x0F,0x48,0x39,0x39,0x74,0x55,0xFF,0xC0,0x48,0x83,0xC1,0x08,0x3B,0xC2,0x72,0xF1,0x4D,0x39,0xB4,
    0x24,0x58,0x02,0x00,0x00,0x0F,0x85,0x08,0x03,0x00,0x00,0x84,0xDB,0x0F,0x85,0xFB,0x02,0x00,0x00,0x48,0x8B,0x05,0x26,0x5C,
    0xD0,0x05,0x48,0x8B,0x48,0x30,0x39,0x71,0x20,0x74,0x09,0xC6,0x41,0x2C,0x01,0xE8,0x7C,0xBA,0xA5,0xFF,0x49,0x8B,0x04,0x24,
    0x49,0x8B,0xCC,0xFF,0x90,0x10,0x01,0x00,0x00,0x48,0x8B,0xC8,0xB2,0x01,0xE8,0xE5,0x54,0xDA,0xFF,0xE9,0x89,0x0A,0x00,0x00,
    0x83,0xF8,0xFF,0x74,0xB0,0x41,0xF6,0x84,0x24,0x5C,0x03,0x00,0x00,0x02,0x0F,0x84,0x75,0x0A,0x00,0x00,0x48,0x8B,0x05,0xDD,
    0x5B,0xD0,0x05,0xF6,0xC3,0xFB,0x75,0x2A,0x48,0x8B,0x88,0x90,0x00,0x00,0x00,0x40,0x38,0xB1,0x7F,0x10,0x00,0x00,0x74,0x1A,
    0x40,0x38,0xB1,0x7D,0x10,0x00,0x00,0x75,0x11,0xB2,0x01,0x49,0x8B,0xCC,0xE8,0x9D,0x53,0x00,0x00,0x48,0x8B,0x05,0xAE,0x5B,
    0xD0,0x05,0x4D,0x3B,0xB4,0x24,0x00,0x03,0x00,0x00,0x0F,0x84,0xF2,0x01,0x00,0x00,0x4D,0x3B,0xB4,0x24,0xD0,0x02,0x00,0x00,
    0x0F,0x84,0xE4,0x01,0x00,0x00,0x4D,0x3B,0xB4,0x24,0xE0,0x02,0x00,0x00,0x0F,0x84,0x77,0x01,0x00,0x00,0x4D,0x3B,0xB4,0x24,
    0xB0,0x02,0x00,0x00,0x0F,0x84,0x69,0x01,0x00,0x00,0x4D,0x3B,0xB4,0x24,0xF0,0x02,0x00,0x00,0x74,0x0E,0x4D,0x3B,0xB4,0x24,
    0xC0,0x02,0x00,0x00,0x0F,0x85,0xEF,0x09,0x00,0x00,0x84,0xDB,0x0F,0x85,0xE7,0x09,0x00,0x00,0x33,0xD2,0x49,0x8B,0xCC,0xE8,
    0x34,0x53,0x00,0x00,0x48,0x8D,0x54,0x24,0x48,0x48,0x8B,0x0D,0xE8,0x5A,0xD0,0x05,0x48,0x8B,0x49,0x30,0xE8,0xAF,0x0D,0x85,
    0xFF,0x90,0x38,0x5C,0x24,0x58,0x75,0x6B,0x4C,0x8D,0x2D,0x41,0x26,0x6C,0x04,0x4C,0x89,0x6C,0x24,0x48,0x38,0x5C,0x24,0x58,
    0x0F,0x84,0xAB,0x09,0x00,0x00,0x38,0x5C,0x24,0x59,0x75,0x13,0x48,0x8B,0x4C,0x24,0x50,0x48,0x8B,0x01,0xFF,0x50,0x08,0x0F,
    0xB6,0xF8,0xE9,0xCC,0x00,0x00,0x00,0x48,0x8B,0x7C,0x24,0x50,0x48,0x8D,0x5F,0x18,0x48,0x89,0x9D,0x20,0x01,0x00,0x00,0x48,
    0x8B,0x03,0x48,0x8B,0xCB,0xFF,0x50,0x08,0x90,0x66,0xFF,0x4F,0x48,0x80,0x7F,0x4A,0x00,0x75,0x10,0xF0,0x0F,0xC1,0x77,0x10,
    0x66,0x03,0x77,0x48,0x75,0x05,0x40,0xB7,0x01,0xEB,0x03,0x40,0x32,0xFF,0xE9,0x87,0x00,0x00,0x00,0x48,0x8B,0x44,0x24,0x50,
    0x48,0x8B,0x48,0x68,0x48,0x8B,0x89,0xA8,0x00,0x00,0x00,0xC5,0xFA,0x10,0x0D,0x5D,0x4E,0xC6,0x05,0x48,0x8B,0x49,0x18,0xE8,
    0x6C,0x5A,0xA3,0xFF,0x90,0x4C,0x8D,0x2D,0xB4,0x25,0x6C,0x04,0x4C,0x89,0x6C,0x24,0x48,0x80,0x7C,0x24,0x58,0x00,0x0F,0x84,
    0x1D,0x09,0x00,0x00,0x80,0x7C,0x24,0x59,0x00,0x75,0x10,0x48,0x8B,0x4C,0x24,0x50,0x48,0x8B,0x01,0xFF,0x50,0x08,0x0F,0xB6,
    0xF8,0xEB,0x40,0x48,0x8B,0x7C,0x24,0x50,0x48,0x8D,0x5F,0x18,0x48,0x89,0x9D,0x20,0x01,0x00,0x00,0x48,0x8B,0x03,0x48,0x8B,
    0xCB,0xFF,0x50,0x08,0x90,0x66,0xFF,0x4F,0x48,0x80,0x7F,0x4A,0x00,0x75,0x10,0xF0,0x0F,0xC1,0x77,0x10,0x66,0x03,0x77,0x48,
    0x75,0x05,0x40,0xB7,0x01,0xEB,0x03,0x40,0x32,0xFF,0x48,0x8B,0x03,0x48,0x8B,0xCB,0xFF,0x50,0x10,0x40,0x84,0xFF,0x74,0x19,
    0x48,0x8B,0x4C,0x24,0x50,0xBA,0x01,0x00,0x00,0x00,0x33,0xC0,0xF0,0x0F,0xB0,0x51,0x4B,0x75,0x06,0x48,0x8B,0x01,0xFF,0x50,
    0x10,0xC6,0x44,0x24,0x58,0x00,0xE9,0x9E,0x08,0x00,0x00,0x80,0xFB,0x04,0x75,0x2E,0x48,0x8B,0x88,0x90,0x00,0x00,0x00,0x40,
    0x38,0xB1,0x7D,0x10,0x00,0x00,0x0F,0x85,0x85,0x08,0x00,0x00,0xC6,0x81,0x7C,0x10,0x00,0x00,0x01,0x48,0x8B,0x05,0x3E,0xB1,
    0xC2,0x05,0x80,0x88,0x20,0x0B,0x00,0x00,0x02,0xE9,0x6B,0x08,0x00,0x00,0xFE,0xCB,0x80,0xFB,0x01,0x0F,0x87,0x60,0x08,0x00,
    0x00,0x48,0x8B,0x80,0x90,0x00,0x00,0x00,0x40,0x88,0xB0,0x7C,0x10,0x00,0x00,0x48,0x8B,0x05,0x12,0xB1,0xC2,0x05,0x80,0xA0,
    0x20,0x0B,0x00,0x00,0xFD,0xE9,0x3F,0x08,0x00,0x00,0x84,0xDB,0x0F,0x85,0x37,0x08,0x00,0x00,0x33,0xD2,0x49,0x8B,0xCC,0xE8,
    0x84,0x51,0x00,0x00,0x48,0x8B,0x0D,0x95,0x59,0xD0,0x05,0x48,0x8B,0x81,0x90,0x00,0x00,0x00,0x40,0x88,0xB0,0x7C,0x10,0x00,
    0x00,0x48,0x8B,0x05,0xD8,0xB0,0xC2,0x05,0x80,0xA0,0x20,0x0B,0x00,0x00,0xFD,0x48,0x8B,0x81,0x90,0x00,0x00,0x00,0xC6,0x80,
    0x7D,0x10,0x00,0x00,0x01,0x49,0x8B,0x04,0x24,0x49,0x8B,0xCC,0xFF,0x90,0x10,0x01,0x00,0x00,0x48,0x8D,0x15,0x77,0xE7,0x67,
    0x04,0x48,0x8B,0xC8,0xE8,0x87,0x69,0x57,0x02,0x48,0x8B,0x88,0xA0,0x00,0x00,0x00,0x48,0x85,0xC9,0x74,0x04,0x48,0x8B,0x71,
    0x10,0x48,0x8B,0xCE,0xE8,0x0F,0x8F,0xCD,0x02,0xE9,0xC3,0x07,0x00,0x00,0x80,0xFB,0x01,0x74,0x0E,0x4D,0x39,0xB4,0x24,0x60,
    0x02,0x00,0x00,0x75,0x47,0x84,0xDB,0x75,0x43,0x48,0x8B,0x05,0x18,0x59,0xD0,0x05,0x48,0x8B,0x48,0x30,0x40,0x88,0x71,0x2C,
    0x49,0x8B,0x04,0x24,0x49,0x8B,0xCC,0xFF,0x90,0x10,0x01,0x00,0x00,0x48,0x8B,0xC8,0x33,0xD2,0xE8,0xE1,0x51,0xDA,0xFF,0x49,
    0x8B,0x94,0x24,0x38,0x03,0x00,0x00,0x48,0x8B,0x12,0x49,0x8B,0x8C,0x24,0x58,0x02,0x00,0x00,0xE8,0xA9,0x90,0xC5,0xFF,0xE9,
    0x6D,0x07,0x00,0x00,0x4D,0x39,0xB4,0x24,0x70,0x02,0x00,0x00,0x0F,0x85,0x0B,0x01,0x00,0x00,0x84,0xDB,0x0F,0x85,0xD2,0x00,
    0x00,0x00,0x41,0xF6,0x84,0x24,0x78,0x02,0x00,0x00,0x01,0x0F,0x84,0x48,0x07,0x00,0x00,0x49,0x8B,0x84,0x24,0x80,0x02,0x00,
    0x00,0x48,0x89,0x85,0x20,0x01,0x00,0x00,0x48,0x8D,0x54,0x24,0x68,0xE8,0x26,0xBB,0x5E,0xFF,0x90,0x38,0x5C,0x24,0x78,0x75,
    0x1B,0x4C,0x8D,0x2D,0xA8,0x23,0x6C,0x04,0x4C,0x89,0x6C,0x24,0x68,0x48,0x8D,0x4C,0x24,0x68,0xE8,0x79,0x0F,0x3D,0x00,0xE9,
    0x0D,0x07,0x00,0x00,0x49,0x8B,0x4C,0x24,0x08,0x48,0x8B,0x81,0xA0,0x00,0x00,0x00,0x48,0x85,0xC0,0x74,0x15,0x48,0x83,0x78,
    0x08,0x00,0x74,0x0E,0x48,0x8B,0x49,0x38,0xE8,0x23,0x4A,0xE7,0x02,0x48,0x8B,0xF0,0xEB,0x30,0x0F,0xB7,0x91,0x8A,0x00,0x00,
    0x00,0xB8,0xFF,0xFF,0x00,0x00,0x66,0x3B,0xD0,0x74,0x1F,0x48,0x8B,0x41,0x58,0x48,0x8B,0x88,0xB0,0x00,0x00,0x00,0x4C,0x8B,
    0x81,0xB8,0x00,0x00,0x00,0x41,0x3B,0x50,0x08,0x73,0x07,0x49,0x8B,0x00,0x48,0x8B,0x34,0xD0,0x4C,0x8D,0x0D,0x1B,0x99,0x56,
    0x04,0x4C,0x8B,0xC6,0x48,0x8D,0x95,0x20,0x01,0x00,0x00,0xE8,0x58,0x6D,0x60,0xFF,0x90,0x4C,0x8D,0x2D,0x20,0x23,0x6C,0x04,
    0x4C,0x89,0x6C,0x24,0x68,0x48,0x8D,0x4C,0x24,0x68,0xE8,0xF1,0x0E,0x3D,0x00,0xE9,0x85,0x06,0x00,0x00,0x80,0xFB,0x02,0x0F,
    0x85,0x7C,0x06,0x00,0x00,0x49,0x8B,0x04,0x24,0x49,0x8B,0xCC,0xFF,0x90,0x10,0x01,0x00,0x00,0x48,0x8B,0xC8,0x4C,0x8D,0x05,
    0x38,0xFA,0x50,0x04,0x48,0x8D,0x15,0x31,0xFA,0x50,0x04,0xE8,0xB0,0x9E,0xD1,0xFF,0xE9,0x54,0x06,0x00,0x00,0x84,0xDB,0x0F,
    0x85,0x4C,0x06,0x00,0x00,0x49,0x8D,0x94,0x24,0x68,0x01,0x00,0x00,0x48,0x89,0x55,0x90,0x44,0x8B,0x4A,0x04,0x44,0x89,0x4C,
    0x24,0x34,0x45,0x85,0xC9,0x75,0x16,0x4C,0x8B,0xC6,0x48,0x8B,0xFE,0xB9,0xFF,0xFF,0xFF,0xFF,0x8B,0xD1,0x44,0x8B,0xC9,0x89,
    0x4C,0x24,0x34,0xEB,0x0F,0x4C,0x8B,0xC2,0x48,0x8B,0x42,0x18,0x48,0x8B,0x38,0x8B,0xCE,0x8B,0x52,0x0C,0x89,0x54,0x24,0x38,
    0x89,0x4C,0x24,0x30,0x4C,0x89,0x44,0x24,0x40,0x4C,0x8D,0x2D,0x80,0x22,0x6C,0x04,0xB8,0x01,0x00,0x00,0x00,0x48,0x85,0xFF,
    0x0F,0x84,0xEB,0x05,0x00,0x00,0x41,0x39,0x50,0x0C,0x0F,0x85,0xE1,0x05,0x00,0x00,0x4C,0x39,0x77,0x30,0x0F,0x85,0x71,0x02,
    0x00,0x00,0x41,0x8B,0x9E,0xA8,0x00,0x00,0x00,0x89,0xB5,0x18,0x01,0x00,0x00,0x41,0xB9,0xFF,0xFF,0x02,0x00,0x44,0x8B,0xC0,
    0x48,0x8D,0x15,0x75,0xCF,0x52,0x04,0x48,0x8D,0x8D,0x18,0x01,0x00,0x00,0xE8,0x45,0xB2,0x25,0x00,0x3B,0x9D,0x18,0x01,0x00,
    0x00,0x0F,0x84,0x25,0x02,0x00,0x00,0x48,0x8B,0x47,0x40,0x48,0x8B,0x18,0x48,0x85,0xDB,0x0F,0x84,0x15,0x02,0x00,0x00,0x80,
    0x3B,0x00,0x0F,0x84,0x0C,0x02,0x00,0x00,0x49,0x8D,0x8C,0x24,0xC8,0x01,0x00,0x00,0x48,0x8D,0x57,0x08,0xE8,0x5F,0xE3,0x36,
    0xFF,0x4C,0x8B,0xF0,0x48,0x85,0xC0,0x74,0x19,0x48,0x8B,0x85,0x20,0x01,0x00,0x00,0x48,0x39,0x47,0x30,0x0F,0x84,0x19,0x02,
    0x00,0x00,0x4C,0x8B,0xF0,0xE9,0xDA,0x01,0x00,0x00,0x4D,0x8D,0xB4,0x24,0xE8,0x01,0x00,0x00,0x48,0x8D,0x57,0x08,0x49,0x8B,
    0xCE,0xE8,0x2A,0xE3,0x36,0xFF,0x48,0x89,0x85,0x18,0x01,0x00,0x00,0x48,0x85,0xC0,0x0F,0x84,0x9C,0x01,0x00,0x00,0x41,0x8B,
    0x7E,0x04,0x85,0xFF,0x75,0x12,0x48,0x8B,0xD6,0xBB,0xFF,0xFF,0xFF,0xFF,0x8B,0xFB,0x44,0x8B,0xFB,0x4C,0x8B,0xF6,0xEB,0x0D,
    0x49,0x8B,0x46,0x18,0x48,0x8B,0x10,0x8B,0xDE,0x45,0x8B,0x7E,0x0C,0x4C,0x8B,0x65,0x90,0x48,0x85,0xD2,0x74,0x3A,0x45,0x39,
    0x7E,0x0C,0x75,0x34,0x48,0x83,0xC2,0x08,0x49,0x8B,0xCC,0xE8,0xD8,0xE2,0x36,0xFF,0x48,0x85,0xC0,0x74,0x0E,0x48,0x8B,0x48,
    0x20,0x48,0x85,0xC9,0x74,0x05,0xE8,0xD5,0xC6,0xC5,0xFF,0xFF,0xC3,0x3B,0xDF,0x73,0x0A,0x49,0x8B,0x46,0x18,0x48,0x8B,0x14,
    0xD8,0xEB,0xC6,0x48,0x8B,0xD6,0xEB,0xC1,0x48,0x8D,0x54,0x24,0x48,0x48,0x8B,0x0D,0xD4,0x55,0xD0,0x05,0x48,0x8B,0x49,0x30,
    0xE8,0x9B,0x08,0x85,0xFF,0x90,0x80,0x7C,0x24,0x58,0x00,0x4C,0x8B,0xA5,0x10,0x01,0x00,0x00,0x75,0x62,0x4C,0x89,0x6C,0x24,
    0x48,0x80,0x7C,0x24,0x58,0x00,0x0F,0x84,0x11,0x01,0x00,0x00,0x80,0x7C,0x24,0x59,0x00,0x75,0x13,0x48,0x8B,0x4C,0x24,0x50,
    0x48,0x8B,0x01,0xFF,0x50,0x08,0x0F,0xB6,0xF8,0xE9,0xBF,0x00,0x00,0x00,0x48,0x8B,0x7C,0x24,0x50,0x48,0x8D,0x5F,0x18,0x48,
    0x89,0x5D,0x98,0x48,0x8B,0x03,0x48,0x8B,0xCB,0xFF,0x50,0x08,0x90,0x66,0xFF,0x4F,0x48,0x80,0x7F,0x4A,0x00,0x75,0x12,0x8B,
    0xC6,0xF0,0x0F,0xC1,0x47,0x10,0x66,0x03,0x47,0x48,0x75,0x05,0x40,0xB7,0x01,0xEB,0x03,0x40,0x32,0xFF,0xEB,0x7E,0x48,0x8B,
    0x95,0x18,0x01,0x00,0x00,0x48,0x83,0xC2,0x40,0x48,0x8B,0x44,0x24,0x50,0x48,0x8B,0x48,0x68,0x48,0x8B,0x89,0xF8,0x00,0x00,
    0x00,0xE8,0xBA,0x93,0x55,0xFF,0x90,0x4C,0x89,0x6C,0x24,0x48,0x80,0x7C,0x24,0x58,0x00,0x0F,0x84,0x8E,0x00,0x00,0x00,0x80,
    0x7C,0x24,0x59,0x00,0x75,0x10,0x48,0x8B,0x4C,0x24,0x50,0x48,0x8B,0x01,0xFF,0x50,0x08,0x0F,0xB6,0xF8,0xEB,0x3F,0x48,0x8B,
    0x7C,0x24,0x50,0x48,0x8D,0x5F,0x18,0x48,0x89,0x5D,0xA0,0x48,0x8B,0x03,0x48,0x8B,0xCB,0xFF,0x50,0x08,0x90,0x66,0xFF,0x4F,
    0x48,0x80,0x7F,0x4A,0x00,0x75,0x12,0x8B,0xC6,0xF0,0x0F,0xC1,0x47,0x10,0x66,0x03,0x47,0x48,0x75,0x05,0x40,0xB7,0x01,0xEB,
    0x03,0x40,0x32,0xFF,0x48,0x8B,0x03,0x48,0x8B,0xCB,0xFF,0x50,0x10,0x40,0x84,0xFF,0x74,0x19,0x48,0x8B,0x4C,0x24,0x50,0x33,
    0xC0,0xBA,0x01,0x00,0x00,0x00,0xF0,0x0F,0xB0,0x51,0x4B,0x75,0x06,0x48,0x8B,0x01,0xFF,0x50,0x10,0xC6,0x44,0x24,0x58,0x00,
    0xEB,0x13,0x80,0x7F,0x60,0x00,0x75,0x0D,0xF7,0x47,0x58,0xFF,0xFF,0xFF,0x1F,0x0F,0x85,0x65,0x01,0x00,0x00,0x4C,0x8B,0xB5,
    0x20,0x01,0x00,0x00,0xB8,0x01,0x00,0x00,0x00,0x8B,0x4C,0x24,0x30,0x4C,0x8B,0x44,0x24,0x40,0x44,0x8B,0x4C,0x24,0x34,0x8B,
    0x54,0x24,0x38,0xFF,0xC1,0x89,0x4C,0x24,0x30,0x41,0x3B,0xC9,0x73,0x0D,0x49,0x8B,0x40,0x18,0x48,0x8B,0x3C,0xC8,0xE9,0x55,
    0xFD,0xFF,0xFF,0x48,0x8B,0xFE,0xE9,0x52,0xFD,0xFF,0xFF,0x41,0x8B,0x9C,0x24,0x30,0x03,0x00,0x00,0x48,0x8D,0x54,0x24,0x68,
    0xE8,0x6B,0xB7,0x5E,0xFF,0x90,0x80,0x7C,0x24,0x78,0x00,0x75,0x14,0x4C,0x89,0x6C,0x24,0x68,0x48,0x8D,0x4C,0x24,0x68,0xE8,
    0x84,0x0B,0x3D,0x00,0xE9,0x18,0x03,0x00,0x00,0x44,0x8B,0xC3,0x48,0x8D,0x54,0x24,0x48,0xE8,0x82,0xB7,0x5E,0xFF,0x90,0x80,
    0x7C,0x24,0x58,0x00,0x75,0x24,0x4C,0x89,0x6C,0x24,0x48,0x48,0x8D,0x4C,0x24,0x48,0xE8,0x5B,0x0B,0x3D,0x00,0x90,0x4C,0x89,
    0x6C,0x24,0x68,0x48,0x8D,0x4C,0x24,0x68,0xE8,0x4B,0x0B,0x3D,0x00,0xE9,0xDF,0x02,0x00,0x00,0xB8,0xFF,0xFF,0x00,0x00,0x66,
    0x41,0x39,0x46,0x10,0x75,0x24,0x4C,0x89,0x6C,0x24,0x48,0x48,0x8D,0x4C,0x24,0x48,0xE8,0x2B,0x0B,0x3D,0x00,0x90,0x4C,0x89,
    0x6C,0x24,0x68,0x48,0x8D,0x4C,0x24,0x68,0xE8,0x1B,0x0B,0x3D,0x00,0xE9,0xAF,0x02,0x00,0x00,0xC6,0x85,0x10,0x01,0x00,0x00,
    0x01,0x48,0x8D,0x85,0x20,0x01,0x00,0x00,0x48,0x89,0x44,0x24,0x28,0x48,0x8D,0x85,0x10,0x01,0x00,0x00,0x48,0x89,0x44,0x24,
    0x20,0x4D,0x8B,0xCE,0x4C,0x8B,0x44,0x24,0x50,0x48,0x8D,0x95,0x18,0x01,0x00,0x00,0x48,0x8B,0x0D,0xE9,0x53,0xD0,0x05,0x48,
    0x8B,0x49,0x30,0xE8,0xB8,0xB9,0xA5,0xFF,0x90,0x83,0xBD,0x18,0x01,0x00,0x00,0x00,0x74,0x24,0x4C,0x89,0x6C,0x24,0x48,0x48,
    0x8D,0x4C,0x24,0x48,0xE8,0xBF,0x0A,0x3D,0x00,0x90,0x4C,0x89,0x6C,0x24,0x68,0x48,0x8D,0x4C,0x24,0x68,0xE8,0xAF,0x0A,0x3D,
    0x00,0xE9,0x43,0x02,0x00,0x00,0x4C,0x89,0x6C,0x24,0x48,0x48,0x8D,0x4C,0x24,0x48,0xE8,0x9B,0x0A,0x3D,0x00,0x90,0x4C,0x89,
    0x6C,0x24,0x68,0x48,0x8D,0x4C,0x24,0x68,0xE8,0x8B,0x0A,0x3D,0x00,0xE9,0x1F,0x02,0x00,0x00,0x80,0xBD,0x40,0x01,0x00,0x00,
    0x00,0x0F,0x84,0x03,0x02,0x00,0x00,0x48,0x89,0xB5,0xB8,0x00,0x00,0x00,0x48,0xC7,0x85,0xC0,0x00,0x00,0x00,0x05,0x01,0x00,
    0x00,0x89,0xB5,0xC4,0x00,0x00,0x00,0xC6,0x45,0xB0,0x00,0x89,0xB5,0xC4,0x00,0x00,0x00,0xC6,0x45,0xB0,0x00,0x48,0x8B,0x85,
    0xB8,0x00,0x00,0x00,0x48,0x85,0xC0,0x74,0x03,0xC6,0x00,0x00,0x48,0x8B,0x85,0x38,0x01,0x00,0x00,0xC5,0xFA,0x10,0x20,0xC5,
    0xE0,0x57,0xDB,0xC5,0xF8,0x2E,0xE3,0x7A,0x18,0x75,0x16,0xC5,0xFA,0x10,0x40,0x04,0xC5,0xF8,0x2E,0xC3,0x7A,0x0B,0x75,0x09,
    0x48,0x8D,0x05,0x39,0xE1,0x67,0x04,0xEB,0x4D,0xC5,0xFA,0x10,0x68,0x04,0xC5,0xF8,0x28,0xD4,0xC5,0xD8,0x54,0x15,0xE6,0x1B,
    0xD1,0x04,0xC5,0xF8,0x28,0xC5,0xC5,0xD0,0x54,0x05,0xDA,0x1B,0xD1,0x04,0xC5,0xF8,0x2F,0xD0,0x76,0x14,0x48,0x8D,0x05,0xA9,
    0x5A,0x51,0x04,0x48,0x8D,0x0D,0xB2,0x5A,0x51,0x04,0xC5,0xF8,0x2F,0xE3,0xEB,0x12,0x48,0x8D,0x05,0xA9,0x32,0x52,0x04,0x48,
    0x8D,0x0D,0xA6,0x32,0x52,0x04,0xC5,0xF8,0x2F,0xEB,0x48,0x0F,0x46,0xC1,0x48,0x89,0x85,0x20,0x01,0x00,0x00,0x48,0x8B,0x47,
    0x40,0x48,0x8B,0x08,0x48,0x89,0x8D,0x10,0x01,0x00,0x00,0xC7,0x85,0xC4,0x00,0x00,0x00,0xFF,0xFF,0xFF,0xFF,0x48,0x8D,0x4D,
    0xB0,0x48,0x8B,0x85,0xB8,0x00,0x00,0x00,0x48,0x85,0xC0,0x48,0x0F,0x45,0xC8,0x48,0x8D,0x85,0x20,0x01,0x00,0x00,0x48,0x89,
    0x44,0x24,0x20,0x4C,0x8D,0x8D,0x10,0x01,0x00,0x00,0x4C,0x8D,0x05,0x6F,0xAD,0x52,0x04,0x8B,0x95,0xC0,0x00,0x00,0x00,0xE8,
    0xB4,0x31,0x4D,0xFF,0x48,0x8D,0x5D,0xB0,0x48,0x8B,0x85,0xB8,0x00,0x00,0x00,0x48,0x85,0xC0,0x48,0x0F,0x45,0xD8,0x48,0x8B,
    0x47,0x58,0x48,0x89,0x85,0x20,0x01,0x00,0x00,0x48,0x8D,0x54,0x24,0x68,0xE8,0xDD,0xB4,0x5E,0xFF,0x90,0x80,0x7C,0x24,0x78,
    0x00,0x75,0x02,0xEB,0x7C,0x48,0x85,0xDB,0x74,0x77,0x80,0x3B,0x00,0x74,0x72,0x49,0x8B,0x4C,0x24,0x08,0x48,0x8B,0x81,0xA0,
    0x00,0x00,0x00,0x48,0x85,0xC0,0x74,0x12,0x48,0x83,0x78,0x08,0x00,0x74,0x0B,0x48,0x8B,0x49,0x38,0xE8,0xE8,0x43,0xE7,0x02,
    0xEB,0x3A,0x0F,0xB7,0x91,0x8A,0x00,0x00,0x00,0xB8,0xFF,0xFF,0x00,0x00,0x66,0x3B,0xD0,0x75,0x05,0x48,0x8B,0xC6,0xEB,0x24,
    0x48,0x8B,0x41,0x58,0x48,0x8B,0x88,0xB0,0x00,0x00,0x00,0x4C,0x8B,0x81,0xB8,0x00,0x00,0x00,0x41,0x3B,0x50,0x08,0x72,0x05,
    0x48,0x8B,0xC6,0xEB,0x07,0x49,0x8B,0x00,0x48,0x8B,0x04,0xD0,0x4C,0x8B,0xCB,0x4C,0x8B,0xC0,0x48,0x8D,0x95,0x20,0x01,0x00,
    0x00,0xE8,0x1A,0x67,0x60,0xFF,0x90,0xEB,0x00,0x4C,0x89,0x6C,0x24,0x68,0x48,0x8D,0x4C,0x24,0x68,0xE8,0xB8,0x08,0x3D,0x00,
    0x90,0x48,0x8B,0x8D,0xB8,0x00,0x00,0x00,0x48,0x85,0xC9,0x74,0x44,0x41,0xB8,0xFD,0x01,0x00,0x00,0x65,0x48,0x8B,0x04,0x25,
    0x58,0x00,0x00,0x00,0x48,0x8B,0x10,0x41,0x80,0x3C,0x10,0x00,0x74,0x0E,0xE8,0xE9,0xC2,0x78,0x03,0x48,0x89,0xB5,0xB8,0x00,
    0x00,0x00,0xEB,0x1D,0xE8,0xDB,0xC1,0x78,0x03,0x48,0x89,0xB5,0xB8,0x00,0x00,0x00,0xEB,0x0F,0x4C,0x8B,0xC3,0x48,0x8B,0x57,
    0x58,0x49,0x8B,0xCC,0xE8,0xC7,0xE8,0xDD,0xFF,0x48,0x8B,0x9C,0x24,0x28,0x02,0x00,0x00,0x48,0x81,0xC4,0xD0,0x01,0x00,0x00,
    0x41,0x5F,0x41,0x5E,0x41,0x5D,0x41,0x5C,0x5F,0x5E,0x5D,0xC3,
};
static const U8 DialogueInputMask[] = {
    0xFF,0xFF,0xFF,0xFF,0xFF,0xFF,0xFF,0xFF,0xFF,0xFF,0xFF,0xFF,0xFF,0xFF,0xFF,0xFF,0xFF,0xFF,0xFF,0xFF,0xFF,0xFF,0xFF,0xFF,
    0xFF,0xFF,0xFF,0xFF,0xFF,0xFF,0xFF,0xFF,0xFF,0xFF,0xFF,0xFF,0xFF,0xFF,0xFF,0xFF,0xFF,0xFF,0xFF,0xFF,0xFF,0xFF,0xFF,0xFF,
    0xFF,0xFF,0xFF,0xFF,0xFF,0xFF,0xFF,0xFF,0xFF,0xFF,0xFF,0xFF,0xFF,0xFF,0x00,0x00,0x00,0x00,0xFF,0xFF,0xFF,0xFF,0xFF,0xFF,
    0xFF,0xFF,0xFF,0xFF,0xFF,0xFF,0xFF,0xFF,0xFF,0xFF,0xFF,0xFF,0xFF,0xFF,0xFF,0xFF,0xFF,0xFF,0xFF,0xFF,0xFF,0xFF,0xFF,0xFF,
    0xFF,0x00,0x00,0x00,0x00,0xFF,0xFF,0xFF,0xFF,0xFF,0xFF,0xFF,0xFF,0xFF,0xFF,0xFF,0xFF,0xFF,0xFF,0xFF,0xFF,0xFF,0xFF,0xFF,
    0xFF,0xFF,0xFF,0xFF,0xFF,0xFF,0xFF,0xFF,0xFF,0xFF,0xFF,0xFF,0xFF,0xFF,0xFF,0xFF,0xFF,0xFF,0xFF,0xFF,0xFF,0xFF,0xFF,0xFF,
    0xFF,0xFF,0xFF,0xFF,0xFF,0xFF,0xFF,0xFF,0xFF,0xFF,0xFF,0xFF,0xFF,0xFF,0xFF,0xFF,0xFF,0xFF,0xFF,0xFF,0xFF,0xFF,0xFF,0xFF,
    0xFF,0xFF,0xFF,0xFF,0xFF,0xFF,0xFF,0xFF,0xFF,0xFF,0xFF,0xFF,0xFF,0xFF,0xFF,0xFF,0xFF,0xFF,0xFF,0xFF,0xFF,0xFF,0x00,0x00,
    0x00,0x00,0xFF,0xFF,0xFF,0xFF,0xFF,0xFF,0xFF,0xFF,0xFF,0xFF,0xFF,0xFF,0xFF,0xFF,0x00,0x00,0x00,0x00,0xFF,0xFF,0xFF,0xFF,
    0xFF,0xFF,0xFF,0xFF,0xFF,0xFF,0xFF,0xFF,0xFF,0xFF,0xFF,0xFF,0xFF,0xFF,0xFF,0x00,0x00,0x00,0x00,0xFF,0xFF,0xFF,0xFF,0xFF,
    0xFF,0xFF,0xFF,0xFF,0xFF,0xFF,0xFF,0xFF,0xFF,0xFF,0xFF,0xFF,0xFF,0xFF,0xFF,0xFF,0xFF,0xFF,0xFF,0xFF,0xFF,0xFF,0xFF,0x00,
    0x00,0x00,0x00,0xFF,0xFF,0xFF,0xFF,0xFF,0xFF,0xFF,0xFF,0xFF,0xFF,0xFF,0xFF,0xFF,0xFF,0xFF,0xFF,0xFF,0xFF,0xFF,0xFF,0xFF,
    0xFF,0xFF,0xFF,0xFF,0xFF,0xFF,0xFF,0xFF,0xFF,0xFF,0xFF,0xFF,0xFF,0xFF,0xFF,0x00,0x00,0x00,0x00,0xFF,0xFF,0xFF,0x00,0x00,
    0x00,0x00,0xFF,0xFF,0xFF,0xFF,0xFF,0xFF,0xFF,0xFF,0xFF,0xFF,0xFF,0xFF,0xFF,0xFF,0xFF,0xFF,0xFF,0xFF,0xFF,0xFF,0xFF,0xFF,
    0xFF,0xFF,0xFF,0xFF,0xFF,0xFF,0xFF,0xFF,0xFF,0xFF,0xFF,0xFF,0xFF,0xFF,0xFF,0xFF,0xFF,0xFF,0xFF,0xFF,0xFF,0xFF,0xFF,0xFF,
    0xFF,0xFF,0xFF,0xFF,0xFF,0xFF,0xFF,0xFF,0xFF,0xFF,0xFF,0xFF,0xFF,0xFF,0xFF,0xFF,0xFF,0xFF,0xFF,0xFF,0xFF,0xFF,0xFF,0xFF,
    0xFF,0xFF,0xFF,0xFF,0xFF,0xFF,0xFF,0xFF,0xFF,0xFF,0xFF,0xFF,0xFF,0xFF,0xFF,0xFF,0xFF,0xFF,0xFF,0xFF,0xFF,0xFF,0xFF,0xFF,
    0x00,0x00,0x00,0x00,0xFF,0xFF,0xFF,0xFF,0xFF,0xFF,0xFF,0xFF,0x00,0x00,0x00,0x00,0xFF,0xFF,0xFF,0xFF,0xFF,0x00,0x00,0x00,
    0x00,0xFF,0xFF,0xFF,0xFF,0xFF,0xFF,0xFF,0xFF,0xFF,0xFF,0x00,0x00,0x00,0x00,0xFF,0xFF,0xFF,0xFF,0xFF,0xFF,0xFF,0xFF,0xFF,
    0xFF,0xFF,0xFF,0xFF,0xFF,0xFF,0xFF,0xFF,0xFF,0xFF,0xFF,0xFF,0xFF,0xFF,0xFF,0xFF,0xFF,0xFF,0xFF,0xFF,0xFF,0xFF,0xFF,0xFF,
    0xFF,0xFF,0xFF,0xFF,0xFF,0xFF,0xFF,0xFF,0xFF,0xFF,0xFF,0xFF,0xFF,0xFF,0xFF,0xFF,0xFF,0xFF,0xFF,0xFF,0xFF,0xFF,0xFF,0xFF,
    0xFF,0xFF,0xFF,0xFF,0xFF,0xFF,0xFF,0xFF,0xFF,0xFF,0xFF,0xFF,0xFF,0xFF,0xFF,0xFF,0xFF,0xFF,0xFF,0xFF,0xFF,0xFF,0xFF,0xFF,
    0xFF,0xFF,0xFF,0xFF,0xFF,0xFF,0xFF,0xFF,0xFF,0xFF,0xFF,0xFF,0xFF,0xFF,0xFF,0xFF,0xFF,0xFF,0xFF,0xFF,0xFF,0xFF,0xFF,0xFF,
    0xFF,0xFF,0xFF,0xFF,0xFF,0xFF,0xFF,0xFF,0xFF,0xFF,0xFF,0xFF,0xFF,0xFF,0xFF,0x00,0x00,0x00,0x00,0xFF,0xFF,0xFF,0xFF,0xFF,
    0x00,0x00,0x00,0x00,0xFF,0xFF,0xFF,0xFF,0x00,0x00,0x00,0x00,0xFF,0xFF,0xFF,0xFF,0xFF,0xFF,0xFF,0xFF,0xFF,0xFF,0xFF,0xFF,
    0xFF,0xFF,0xFF,0xFF,0xFF,0xFF,0xFF,0xFF,0xFF,0xFF,0xFF,0xFF,0xFF,0xFF,0xFF,0xFF,0xFF,0xFF,0xFF,0xFF,0xFF,0xFF,0xFF,0xFF,
    0xFF,0xFF,0xFF,0xFF,0xFF,0xFF,0xFF,0xFF,0xFF,0xFF,0xFF,0xFF,0xFF,0xFF,0xFF,0xFF,0xFF,0xFF,0xFF,0xFF,0xFF,0xFF,0xFF,0xFF,
    0xFF,0xFF,0xFF,0xFF,0xFF,0xFF,0xFF,0xFF,0xFF,0xFF,0xFF,0xFF,0xFF,0xFF,0xFF,0xFF,0xFF,0xFF,0xFF,0xFF,0xFF,0xFF,0xFF,0xFF,
    0xFF,0xFF,0xFF,0xFF,0xFF,0xFF,0xFF,0xFF,0xFF,0xFF,0xFF,0xFF,0xFF,0xFF,0xFF,0xFF,0xFF,0xFF,0xFF,0xFF,0xFF,0xFF,0xFF,0xFF,
    0xFF,0xFF,0xFF,0xFF,0xFF,0xFF,0xFF,0xFF,0xFF,0xFF,0xFF,0xFF,0xFF,0xFF,0xFF,0xFF,0xFF,0xFF,0xFF,0xFF,0xFF,0xFF,0xFF,0xFF,
    0xFF,0xFF,0xFF,0xFF,0xFF,0xFF,0xFF,0xFF,0xFF,0xFF,0xFF,0xFF,0xFF,0xFF,0xFF,0xFF,0xFF,0xFF,0xFF,0xFF,0xFF,0xFF,0xFF,0xFF,
    0xFF,0xFF,0xFF,0xFF,0xFF,0xFF,0xFF,0xFF,0xFF,0xFF,0xFF,0xFF,0xFF,0xFF,0xFF,0xFF,0xFF,0xFF,0xFF,0xFF,0xFF,0xFF,0x00,0x00,
    0x00,0x00,0xFF,0xFF,0xFF,0xFF,0xFF,0xFF,0xFF,0xFF,0xFF,0xFF,0xFF,0xFF,0xFF,0xFF,0xFF,0xFF,0xFF,0xFF,0xFF,0xFF,0xFF,0xFF,
    0xFF,0xFF,0xFF,0xFF,0xFF,0xFF,0xFF,0xFF,0xFF,0xFF,0xFF,0xFF,0xFF,0xFF,0xFF,0xFF,0xFF,0xFF,0x00,0x00,0x00,0x00,0xFF,0xFF,
    0xFF,0xFF,0xFF,0xFF,0xFF,0xFF,0xFF,0xFF,0xFF,0xFF,0xFF,0xFF,0xFF,0xFF,0xFF,0xFF,0xFF,0xFF,0xFF,0xFF,0xFF,0xFF,0xFF,0xFF,
    0x00,0x00,0x00,0x00,0xFF,0xFF,0xFF,0x00,0x00,0x00,0x00,0xFF,0xFF,0xFF,0xFF,0xFF,0xFF,0xFF,0xFF,0xFF,0xFF,0xFF,0xFF,0xFF,
    0xFF,0xFF,0xFF,0xFF,0x00,0x00,0x00,0x00,0xFF,0xFF,0xFF,0xFF,0xFF,0xFF,0xFF,0xFF,0xFF,0xFF,0xFF,0xFF,0xFF,0xFF,0xFF,0xFF,
    0xFF,0xFF,0xFF,0xFF,0xFF,0xFF,0xFF,0xFF,0xFF,0xFF,0xFF,0xFF,0xFF,0xFF,0xFF,0xFF,0xFF,0xFF,0xFF,0xFF,0xFF,0x00,0x00,0x00,
    0x00,0xFF,0xFF,0xFF,0xFF,0x00,0x00,0x00,0x00,0xFF,0xFF,0xFF,0xFF,0xFF,0xFF,0xFF,0xFF,0xFF,0xFF,0xFF,0xFF,0xFF,0xFF,0xFF,
    0xFF,0xFF,0xFF,0xFF,0xFF,0x00,0x00,0x00,0x00,0xFF,0xFF,0xFF,0xFF,0xFF,0xFF,0xFF,0xFF,0xFF,0xFF,0xFF,0xFF,0xFF,0xFF,0xFF,
    0xFF,0xFF,0xFF,0xFF,0xFF,0xFF,0xFF,0xFF,0xFF,0xFF,0xFF,0xFF,0x00,0x00,0x00,0x00,0xFF,0xFF,0xFF,0xFF,0xFF,0xFF,0xFF,0xFF,
    0xFF,0xFF,0xFF,0xFF,0xFF,0xFF,0xFF,0xFF,0xFF,0xFF,0xFF,0xFF,0xFF,0xFF,0xFF,0xFF,0xFF,0xFF,0xFF,0x00,0x00,0x00,0x00,0xFF,
    0xFF,0xFF,0xFF,0xFF,0xFF,0xFF,0xFF,0xFF,0xFF,0xFF,0xFF,0xFF,0xFF,0xFF,0xFF,0xFF,0xFF,0xFF,0xFF,0x00,0x00,0x00,0x00,0xFF,
    0xFF,0xFF,0xFF,0xFF,0xFF,0xFF,0xFF,0xFF,0xFF,0xFF,0xFF,0xFF,0xFF,0xFF,0xFF,0xFF,0xFF,0xFF,0xFF,0xFF,0xFF,0xFF,0xFF,0xFF,
    0xFF,0xFF,0xFF,0xFF,0xFF,0xFF,0xFF,0xFF,0xFF,0xFF,0xFF,0xFF,0xFF,0xFF,0xFF,0xFF,0xFF,0xFF,0xFF,0xFF,0xFF,0xFF,0xFF,0xFF,
    0xFF,0xFF,0xFF,0xFF,0xFF,0xFF,0xFF,0xFF,0xFF,0xFF,0xFF,0xFF,0xFF,0xFF,0x00,0x00,0x00,0x00,0xFF,0xFF,0xFF,0xFF,0xFF,0xFF,
    0xFF,0xFF,0xFF,0xFF,0x00,0x00,0x00,0x00,0xFF,0xFF,0xFF,0xFF,0xFF,0xFF,0xFF,0xFF,0xFF,0xFF,0xFF,0x00,0x00,0x00,0x00,0xFF,
    0xFF,0xFF,0xFF,0xFF,0xFF,0xFF,0xFF,0xFF,0xFF,0xFF,0xFF,0xFF,0xFF,0xFF,0xFF,0xFF,0xFF,0xFF,0xFF,0xFF,0xFF,0xFF,0xFF,0xFF,
    0xFF,0xFF,0xFF,0xFF,0xFF,0xFF,0xFF,0xFF,0xFF,0x00,0x00,0x00,0x00,0xFF,0xFF,0xFF,0xFF,0xFF,0xFF,0xFF,0xFF,0xFF,0xFF,0xFF,
    0xFF,0xFF,0xFF,0xFF,0xFF,0xFF,0xFF,0xFF,0xFF,0xFF,0xFF,0xFF,0xFF,0xFF,0xFF,0xFF,0xFF,0xFF,0xFF,0xFF,0xFF,0xFF,0xFF,0xFF,
    0xFF,0xFF,0xFF,0xFF,0xFF,0xFF,0xFF,0xFF,0xFF,0xFF,0xFF,0xFF,0xFF,0xFF,0xFF,0xFF,0xFF,0xFF,0xFF,0xFF,0xFF,0x00,0x00,0x00,
    0x00,0xFF,0xFF,0xFF,0xFF,0xFF,0xFF,0xFF,0xFF,0xFF,0xFF,0xFF,0x00,0x00,0x00,0x00,0xFF,0xFF,0xFF,0xFF,0x00,0x00,0x00,0x00,
    0xFF,0xFF,0xFF,0xFF,0xFF,0xFF,0xFF,0xFF,0xFF,0xFF,0xFF,0x00,0x00,0x00,0x00,0xFF,0xFF,0xFF,0xFF,0xFF,0xFF,0xFF,0xFF,0xFF,
    0xFF,0xFF,0xFF,0xFF,0xFF,0xFF,0xFF,0xFF,0xFF,0xFF,0xFF,0xFF,0xFF,0xFF,0xFF,0xFF,0xFF,0xFF,0xFF,0xFF,0xFF,0xFF,0xFF,0xFF,
    0x00,0x00,0x00,0x00,0xFF,0xFF,0xFF,0x00,0x00,0x00,0x00,0xFF,0x00,0x00,0x00,0x00,0xFF,0xFF,0xFF,0xFF,0xFF,0xFF,0xFF,0xFF,
    0xFF,0xFF,0xFF,0xFF,0xFF,0xFF,0xFF,0xFF,0xFF,0xFF,0xFF,0xFF,0xFF,0xFF,0xFF,0xFF,0xFF,0xFF,0xFF,0xFF,0xFF,0xFF,0xFF,0xFF,
    0xFF,0xFF,0xFF,0xFF,0xFF,0xFF,0xFF,0xFF,0xFF,0xFF,0xFF,0xFF,0xFF,0xFF,0xFF,0xFF,0xFF,0xFF,0xFF,0xFF,0xFF,0xFF,0xFF,0xFF,
    0xFF,0xFF,0xFF,0xFF,0xFF,0xFF,0xFF,0xFF,0xFF,0xFF,0xFF,0xFF,0xFF,0xFF,0xFF,0xFF,0xFF,0xFF,0xFF,0xFF,0xFF,0xFF,0xFF,0xFF,
    0xFF,0xFF,0xFF,0xFF,0xFF,0xFF,0xFF,0xFF,0xFF,0xFF,0xFF,0xFF,0x00,0x00,0x00,0x00,0xFF,0xFF,0xFF,0xFF,0xFF,0xFF,0xFF,0xFF,
    0xFF,0xFF,0xFF,0xFF,0xFF,0xFF,0xFF,0xFF,0xFF,0xFF,0xFF,0xFF,0xFF,0xFF,0xFF,0xFF,0xFF,0xFF,0xFF,0xFF,0xFF,0xFF,0xFF,0xFF,
    0xFF,0xFF,0xFF,0xFF,0xFF,0xFF,0xFF,0xFF,0xFF,0xFF,0xFF,0xFF,0xFF,0xFF,0xFF,0xFF,0xFF,0xFF,0xFF,0xFF,0xFF,0xFF,0xFF,0xFF,
    0xFF,0xFF,0xFF,0x00,0x00,0x00,0x00,0xFF,0xFF,0xFF,0xFF,0xFF,0xFF,0xFF,0xFF,0x00,0x00,0x00,0x00,0xFF,0xFF,0xFF,0xFF,0xFF,
    0xFF,0xFF,0xFF,0xFF,0xFF,0xFF,0xFF,0xFF,0xFF,0xFF,0xFF,0xFF,0xFF,0xFF,0xFF,0xFF,0xFF,0xFF,0xFF,0xFF,0xFF,0xFF,0xFF,0xFF,
    0xFF,0xFF,0xFF,0xFF,0xFF,0xFF,0xFF,0xFF,0xFF,0xFF,0xFF,0xFF,0xFF,0xFF,0xFF,0xFF,0xFF,0xFF,0xFF,0xFF,0xFF,0x00,0x00,0x00,
    0x00,0xFF,0xFF,0xFF,0xFF,0xFF,0xFF,0xFF,0xFF,0xFF,0xFF,0xFF,0xFF,0xFF,0xFF,0xFF,0xFF,0xFF,0xFF,0xFF,0xFF,0xFF,0xFF,0xFF,
    0xFF,0xFF,0xFF,0xFF,0xFF,0xFF,0xFF,0xFF,0xFF,0xFF,0xFF,0xFF,0xFF,0xFF,0xFF,0xFF,0xFF,0xFF,0xFF,0xFF,0xFF,0xFF,0xFF,0xFF,
    0xFF,0xFF,0x00,0x00,0x00,0x00,0xFF,0xFF,0xFF,0xFF,0xFF,0xFF,0xFF,0xFF,0xFF,0xFF,0xFF,0xFF,0xFF,0xFF,0xFF,0xFF,0xFF,0xFF,
    0xFF,0xFF,0xFF,0xFF,0xFF,0xFF,0xFF,0xFF,0xFF,0xFF,0xFF,0xFF,0xFF,0xFF,0xFF,0xFF,0xFF,0xFF,0xFF,0xFF,0xFF,0xFF,0xFF,0xFF,
    0xFF,0xFF,0xFF,0xFF,0xFF,0xFF,0xFF,0xFF,0xFF,0xFF,0xFF,0xFF,0xFF,0xFF,0xFF,0xFF,0xFF,0xFF,0xFF,0xFF,0xFF,0xFF,0xFF,0xFF,
    0xFF,0xFF,0xFF,0xFF,0xFF,0xFF,0xFF,0xFF,0xFF,0xFF,0xFF,0xFF,0x00,0x00,0x00,0x00,0xFF,0xFF,0xFF,0xFF,0xFF,0xFF,0xFF,0xFF,
    0xFF,0xFF,0xFF,0xFF,0xFF,0xFF,0xFF,0x00,0x00,0x00,0x00,0xFF,0xFF,0xFF,0xFF,0xFF,0xFF,0xFF,0xFF,0xFF,0xFF,0xFF,0xFF,0xFF,
    0xFF,0xFF,0xFF,0xFF,0xFF,0xFF,0xFF,0xFF,0xFF,0xFF,0xFF,0xFF,0xFF,0xFF,0xFF,0xFF,0x00,0x00,0x00,0x00,0xFF,0xFF,0xFF,0xFF,
    0xFF,0x00,0x00,0x00,0x00,0xFF,0xFF,0xFF,0xFF,0xFF,0xFF,0xFF,0xFF,0xFF,0xFF,0xFF,0xFF,0xFF,0xFF,0xFF,0xFF,0xFF,0xFF,0xFF,
    0xFF,0xFF,0xFF,0xFF,0xFF,0xFF,0xFF,0xFF,0xFF,0xFF,0xFF,0xFF,0xFF,0xFF,0xFF,0xFF,0xFF,0xFF,0xFF,0xFF,0xFF,0xFF,0xFF,0xFF,
    0xFF,0xFF,0xFF,0xFF,0xFF,0xFF,0xFF,0xFF,0xFF,0xFF,0xFF,0xFF,0xFF,0xFF,0xFF,0xFF,0xFF,0xFF,0xFF,0xFF,0xFF,0xFF,0xFF,0xFF,
    0xFF,0xFF,0xFF,0xFF,0xFF,0xFF,0xFF,0xFF,0xFF,0xFF,0xFF,0xFF,0xFF,0xFF,0xFF,0xFF,0xFF,0xFF,0xFF,0xFF,0xFF,0xFF,0xFF,0xFF,
    0xFF,0xFF,0xFF,0xFF,0xFF,0xFF,0xFF,0xFF,0xFF,0xFF,0xFF,0xFF,0xFF,0xFF,0xFF,0xFF,0xFF,0xFF,0xFF,0xFF,0xFF,0xFF,0xFF,0xFF,
    0xFF,0xFF,0xFF,0xFF,0xFF,0xFF,0xFF,0xFF,0xFF,0xFF,0xFF,0xFF,0xFF,0xFF,0xFF,0xFF,0xFF,0xFF,0xFF,0xFF,0xFF,0xFF,0xFF,0xFF,
    0xFF,0xFF,0x00,0x00,0x00,0x00,0xFF,0xFF,0xFF,0xFF,0xFF,0xFF,0xFF,0xFF,0xFF,0xFF,0xFF,0xFF,0xFF,0xFF,0xFF,0xFF,0xFF,0xFF,
    0xFF,0xFF,0xFF,0xFF,0xFF,0xFF,0xFF,0xFF,0xFF,0xFF,0xFF,0xFF,0xFF,0xFF,0xFF,0xFF,0xFF,0xFF,0xFF,0xFF,0xFF,0xFF,0xFF,0xFF,
    0xFF,0xFF,0xFF,0xFF,0xFF,0xFF,0xFF,0xFF,0xFF,0xFF,0xFF,0xFF,0xFF,0xFF,0xFF,0xFF,0xFF,0xFF,0xFF,0xFF,0xFF,0xFF,0xFF,0xFF,
    0xFF,0xFF,0xFF,0xFF,0xFF,0xFF,0xFF,0xFF,0xFF,0xFF,0xFF,0xFF,0xFF,0xFF,0xFF,0xFF,0xFF,0xFF,0xFF,0xFF,0xFF,0xFF,0xFF,0xFF,
    0xFF,0xFF,0xFF,0xFF,0xFF,0xFF,0xFF,0xFF,0xFF,0xFF,0xFF,0xFF,0xFF,0xFF,0xFF,0xFF,0xFF,0xFF,0xFF,0xFF,0xFF,0xFF,0xFF,0xFF,
    0xFF,0xFF,0xFF,0xFF,0xFF,0xFF,0xFF,0xFF,0xFF,0xFF,0xFF,0xFF,0xFF,0xFF,0xFF,0xFF,0xFF,0xFF,0xFF,0xFF,0xFF,0xFF,0xFF,0xFF,
    0xFF,0xFF,0xFF,0xFF,0xFF,0xFF,0xFF,0xFF,0xFF,0xFF,0xFF,0xFF,0xFF,0xFF,0xFF,0xFF,0xFF,0xFF,0xFF,0xFF,0xFF,0xFF,0xFF,0xFF,
    0xFF,0xFF,0xFF,0xFF,0xFF,0xFF,0xFF,0xFF,0xFF,0xFF,0xFF,0xFF,0xFF,0xFF,0xFF,0xFF,0xFF,0xFF,0xFF,0xFF,0xFF,0xFF,0xFF,0xFF,
    0xFF,0xFF,0xFF,0xFF,0xFF,0xFF,0xFF,0xFF,0xFF,0xFF,0xFF,0xFF,0xFF,0xFF,0xFF,0xFF,0xFF,0xFF,0xFF,0xFF,0xFF,0xFF,0xFF,0xFF,
    0xFF,0xFF,0xFF,0xFF,0xFF,0xFF,0xFF,0xFF,0xFF,0xFF,0xFF,0xFF,0xFF,0xFF,0xFF,0xFF,0xFF,0xFF,0xFF,0xFF,0xFF,0xFF,0xFF,0xFF,
    0xFF,0x00,0x00,0x00,0x00,0xFF,0xFF,0xFF,0xFF,0xFF,0xFF,0xFF,0xFF,0xFF,0xFF,0xFF,0xFF,0xFF,0xFF,0xFF,0xFF,0xFF,0xFF,0xFF,
    0x00,0x00,0x00,0x00,0xFF,0xFF,0xFF,0xFF,0xFF,0xFF,0xFF,0xFF,0xFF,0xFF,0xFF,0xFF,0xFF,0xFF,0x00,0x00,0x00,0x00,0xFF,0xFF,
    0xFF,0xFF,0xFF,0xFF,0xFF,0xFF,0xFF,0xFF,0xFF,0xFF,0xFF,0xFF,0xFF,0xFF,0xFF,0xFF,0xFF,0x00,0x00,0x00,0x00,0xFF,0xFF,0xFF,
    0xFF,0xFF,0xFF,0xFF,0xFF,0xFF,0xFF,0xFF,0xFF,0x00,0x00,0x00,0x00,0xFF,0xFF,0xFF,0xFF,0xFF,0xFF,0xFF,0xFF,0xFF,0xFF,0xFF,
    0xFF,0xFF,0xFF,0xFF,0xFF,0xFF,0xFF,0xFF,0xFF,0xFF,0xFF,0xFF,0xFF,0xFF,0xFF,0xFF,0xFF,0x00,0x00,0x00,0x00,0xFF,0xFF,0xFF,
    0xFF,0xFF,0xFF,0xFF,0xFF,0xFF,0xFF,0xFF,0xFF,0x00,0x00,0x00,0x00,0xFF,0xFF,0xFF,0xFF,0xFF,0xFF,0xFF,0xFF,0xFF,0xFF,0xFF,
    0xFF,0xFF,0xFF,0xFF,0xFF,0xFF,0xFF,0xFF,0xFF,0xFF,0xFF,0xFF,0xFF,0xFF,0xFF,0xFF,0xFF,0xFF,0xFF,0xFF,0xFF,0xFF,0xFF,0xFF,
    0xFF,0xFF,0xFF,0xFF,0xFF,0xFF,0xFF,0xFF,0xFF,0xFF,0xFF,0xFF,0xFF,0xFF,0xFF,0xFF,0xFF,0xFF,0xFF,0x00,0x00,0x00,0x00,0xFF,
    0xFF,0xFF,0xFF,0xFF,0x00,0x00,0x00,0x00,0xFF,0xFF,0xFF,0xFF,0xFF,0xFF,0xFF,0xFF,0xFF,0xFF,0xFF,0xFF,0xFF,0xFF,0xFF,0xFF,
    0xFF,0xFF,0xFF,0xFF,0xFF,0x00,0x00,0x00,0x00,0xFF,0xFF,0xFF,0xFF,0xFF,0xFF,0xFF,0xFF,0xFF,0xFF,0xFF,0xFF,0x00,0x00,0x00,
    0x00,0xFF,0xFF,0xFF,0xFF,0xFF,0xFF,0xFF,0xFF,0xFF,0xFF,0xFF,0xFF,0xFF,0xFF,0xFF,0xFF,0x00,0x00,0x00,0x00,0xFF,0xFF,0xFF,
    0xFF,0xFF,0xFF,0xFF,0xFF,0xFF,0xFF,0xFF,0xFF,0x00,0x00,0x00,0x00,0xFF,0xFF,0xFF,0xFF,0xFF,0xFF,0xFF,0xFF,0xFF,0xFF,0xFF,
    0xFF,0xFF,0xFF,0xFF,0xFF,0xFF,0xFF,0xFF,0xFF,0xFF,0xFF,0xFF,0xFF,0xFF,0xFF,0xFF,0xFF,0xFF,0xFF,0xFF,0xFF,0xFF,0xFF,0xFF,
    0xFF,0xFF,0xFF,0xFF,0xFF,0xFF,0xFF,0xFF,0xFF,0xFF,0xFF,0xFF,0xFF,0xFF,0xFF,0xFF,0xFF,0xFF,0xFF,0xFF,0xFF,0xFF,0xFF,0xFF,
    0xFF,0xFF,0xFF,0xFF,0xFF,0xFF,0xFF,0xFF,0xFF,0xFF,0xFF,0xFF,0xFF,0xFF,0xFF,0xFF,0xFF,0xFF,0xFF,0xFF,0xFF,0xFF,0xFF,0xFF,
    0xFF,0xFF,0xFF,0xFF,0xFF,0xFF,0xFF,0xFF,0xFF,0xFF,0xFF,0xFF,0xFF,0xFF,0xFF,0xFF,0xFF,0xFF,0xFF,0xFF,0xFF,0xFF,0xFF,0xFF,
    0xFF,0xFF,0xFF,0x00,0x00,0x00,0x00,0xFF,0xFF,0xFF,0xFF,0xFF,0xFF,0xFF,0xFF,0xFF,0xFF,0xFF,0xFF,0xFF,0xFF,0xFF,0x00,0x00,
    0x00,0x00,0xFF,0xFF,0xFF,0xFF,0xFF,0xFF,0xFF,0xFF,0x00,0x00,0x00,0x00,0xFF,0xFF,0xFF,0xFF,0xFF,0xFF,0xFF,0xFF,0xFF,0x00,
    0x00,0x00,0x00,0xFF,0xFF,0xFF,0x00,0x00,0x00,0x00,0xFF,0xFF,0xFF,0xFF,0xFF,0xFF,0xFF,0xFF,0xFF,0x00,0x00,0x00,0x00,0xFF,
    0xFF,0xFF,0x00,0x00,0x00,0x00,0xFF,0xFF,0xFF,0xFF,0xFF,0xFF,0xFF,0xFF,0xFF,0xFF,0xFF,0xFF,0xFF,0xFF,0xFF,0xFF,0xFF,0xFF,
    0xFF,0xFF,0xFF,0xFF,0xFF,0xFF,0xFF,0xFF,0xFF,0xFF,0xFF,0xFF,0xFF,0xFF,0xFF,0xFF,0xFF,0xFF,0xFF,0xFF,0xFF,0xFF,0xFF,0xFF,
    0xFF,0xFF,0xFF,0xFF,0xFF,0xFF,0xFF,0xFF,0xFF,0xFF,0xFF,0xFF,0xFF,0xFF,0xFF,0xFF,0xFF,0xFF,0xFF,0xFF,0xFF,0xFF,0xFF,0xFF,
    0xFF,0xFF,0xFF,0xFF,0xFF,0xFF,0xFF,0xFF,0xFF,0xFF,0xFF,0xFF,0xFF,0x00,0x00,0x00,0x00,0xFF,0xFF,0xFF,0xFF,0xFF,0xFF,0xFF,
    0x00,0x00,0x00,0x00,0xFF,0xFF,0xFF,0xFF,0xFF,0xFF,0xFF,0xFF,0xFF,0xFF,0xFF,0xFF,0xFF,0xFF,0xFF,0xFF,0xFF,0xFF,0xFF,0xFF,
    0xFF,0xFF,0xFF,0xFF,0xFF,0xFF,0xFF,0xFF,0xFF,0xFF,0xFF,0xFF,0xFF,0xFF,0xFF,0x00,0x00,0x00,0x00,0xFF,0xFF,0xFF,0xFF,0xFF,
    0xFF,0xFF,0xFF,0xFF,0xFF,0xFF,0xFF,0xFF,0xFF,0xFF,0xFF,0xFF,0xFF,0xFF,0xFF,0xFF,0xFF,0xFF,0xFF,0xFF,0xFF,0xFF,0xFF,0xFF,
    0xFF,0xFF,0xFF,0xFF,0xFF,0xFF,0xFF,0xFF,0xFF,0xFF,0xFF,0xFF,0xFF,0xFF,0xFF,0xFF,0xFF,0xFF,0xFF,0xFF,0x00,0x00,0x00,0x00,
    0xFF,0xFF,0xFF,0xFF,0xFF,0xFF,0xFF,0xFF,0xFF,0xFF,0xFF,0xFF,0xFF,0xFF,0xFF,0xFF,0xFF,0xFF,0xFF,0xFF,0xFF,0xFF,0xFF,0xFF,
    0xFF,0xFF,0xFF,0xFF,0xFF,0xFF,0xFF,0xFF,0xFF,0xFF,0xFF,0xFF,0xFF,0xFF,0xFF,0xFF,0xFF,0xFF,0xFF,0xFF,0xFF,0xFF,0xFF,0xFF,
    0xFF,0xFF,0xFF,0xFF,0xFF,0xFF,0xFF,0xFF,0xFF,0xFF,0xFF,0xFF,0xFF,0xFF,0xFF,0xFF,0xFF,0xFF,0xFF,0xFF,0xFF,0xFF,0xFF,0xFF,
    0xFF,0xFF,0x00,0x00,0x00,0x00,0xFF,0xFF,0xFF,0xFF,0xFF,0xFF,0xFF,0xFF,0xFF,0xFF,0xFF,0xFF,0xFF,0xFF,0x00,0x00,0x00,0x00,
    0xFF,0xFF,0xFF,0xFF,0xFF,0xFF,0xFF,0xFF,0xFF,0xFF,0xFF,0xFF,0xFF,0xFF,0xFF,0xFF,0xFF,0xFF,0xFF,0xFF,0xFF,0xFF,0xFF,0xFF,
    0xFF,0xFF,0xFF,0xFF,0xFF,0xFF,0xFF,0xFF,0xFF,0xFF,0xFF,0xFF,0xFF,0xFF,0xFF,0x00,0x00,0x00,0x00,0xFF,0xFF,0xFF,0xFF,0xFF,
    0xFF,0xFF,0xFF,0xFF,0xFF,0x00,0x00,0x00,0x00,0xFF,0xFF,0xFF,0xFF,0xFF,0xFF,0xFF,0xFF,0xFF,0xFF,0xFF,0xFF,0xFF,0xFF,0xFF,
    0xFF,0xFF,0xFF,0xFF,0xFF,0x00,0x00,0x00,0x00,0xFF,0xFF,0xFF,0xFF,0xFF,0xFF,0xFF,0xFF,0xFF,0xFF,0xFF,0xFF,0xFF,0xFF,0xFF,
    0xFF,0xFF,0xFF,0xFF,0xFF,0xFF,0xFF,0xFF,0xFF,0xFF,0xFF,0xFF,
};
static const U8 DialogueInputUnwind[] = {
    0x11,0x24,0x0B,0x00,0x24,0x34,0x45,0x00,0x24,0x01,0x3A,0x00,0x15,0xF0,0x13,0xE0,0x11,0xD0,0x0F,0xC0,0x0D,0x70,0x0C,0x60,
    0x0B,0x50,
};
static const DialogueRef DialogueInputRefs[] = {
    {62,66,0,0},
    {97,101,1,0},
    {190,194,2,0},
    {208,212,3,1},
    {231,235,4,1},
    {263,267,2,0},
    {303,307,5,1},
    {310,314,2,0},
    {408,412,5,1},
    {420,424,6,0},
    {429,433,7,1},
    {443,447,8,0},
    {567,571,9,0},
    {576,580,10,1},
    {584,588,8,0},
    {766,770,11,0},
    {810,814,11,0},
    {840,844,5,1},
    {847,851,2,0},
    {868,872,11,0},
    {909,913,12,0},
    {917,921,13,1},
    {941,945,14,1},
    {972,976,2,0},
    {1003,1007,4,1},
    {1027,1031,15,1},
    {1094,1098,16,1},
    {1108,1112,8,0},
    {1123,1127,17,1},
    {1161,1165,18,1},
    {1221,1225,19,0},
    {1236,1240,20,1},
    {1244,1248,8,0},
    {1259,1263,17,1},
    {1296,1300,21,0},
    {1303,1307,21,0},
    {1308,1312,22,1},
    {1404,1408,8,0},
    {1467,1471,23,0},
    {1479,1483,24,1},
    {1533,1537,25,1},
    {1586,1590,25,1},
    {1668,1672,25,1},
    {1687,1691,26,1},
    {1720,1724,6,0},
    {1729,1733,7,1},
    {1874,1878,27,1},
    {2113,2117,28,1},
    {2136,2140,17,1},
    {2154,2158,29,1},
    {2177,2181,17,1},
    {2193,2197,17,1},
    {2225,2229,17,1},
    {2241,2245,17,1},
    {2299,2303,2,0},
    {2308,2312,30,1},
    {2333,2337,17,1},
    {2349,2353,17,1},
    {2369,2373,17,1},
    {2385,2389,17,1},
    {2499,2503,31,0},
    {2518,2522,32,0},
    {2530,2534,32,0},
    {2543,2547,33,0},
    {2550,2554,34,0},
    {2563,2567,35,0},
    {2570,2574,36,0},
    {2653,2657,37,0},
    {2664,2668,38,1},
    {2703,2707,16,1},
    {2756,2760,18,1},
    {2834,2838,20,1},
    {2852,2856,17,1},
    {2895,2899,39,1},
    {2909,2913,40,1},
    {2933,2937,41,1},
};
static const DialoguePattern DialogueInputPattern = {{DialogueInputBytes,DialogueInputMask,sizeof(DialogueInputBytes),nullptr,0},DialogueInputRefs,sizeof(DialogueInputRefs)/sizeof(DialogueRef),DialogueInputUnwind,sizeof(DialogueInputUnwind)};
static const U8 DialogueUpdateBytes[] = {
    0x48,0x8B,0xC4,0x48,0x89,0x58,0x10,0x48,0x89,0x70,0x18,0x48,0x89,0x78,0x20,0x55,0x41,0x54,0x41,0x55,0x41,0x56,0x41,0x57,
    0x48,0x8D,0xA8,0x88,0xFC,0xFF,0xFF,0x48,0x81,0xEC,0x50,0x04,0x00,0x00,0xC5,0xF8,0x29,0x70,0xC8,0xC5,0xF8,0x29,0x78,0xB8,
    0x4D,0x8B,0xE9,0x4D,0x8B,0xF8,0x4C,0x8B,0xF2,0x48,0x8B,0xF9,0x33,0xF6,0xC5,0xFA,0x10,0x41,0x38,0xC5,0xC8,0x57,0xF6,0xC5,
    0xF8,0x2F,0xC6,0x76,0x0D,0xC5,0xFA,0x5C,0x85,0xA0,0x03,0x00,0x00,0xC5,0xFA,0x11,0x41,0x38,0x48,0x8B,0x05,0xDF,0x15,0x7B,
    0x06,0x48,0x8B,0x48,0x20,0x40,0x38,0xB1,0x7C,0x10,0x00,0x00,0x74,0x71,0xC5,0xF8,0x2F,0xF0,0x72,0x6B,0x8B,0x57,0x50,0x83,
    0xFA,0xFF,0x74,0x63,0x48,0x8B,0x89,0xD0,0x11,0x00,0x00,0xE8,0x68,0xB4,0xF5,0xFF,0xC7,0x47,0x50,0xFF,0xFF,0xFF,0xFF,0x8B,
    0x05,0x53,0x40,0x72,0x06,0x89,0x47,0x18,0xC5,0xFA,0x10,0x3D,0x60,0xBB,0x7B,0x05,0x48,0x8B,0xCF,0xE8,0x38,0xFE,0xFF,0xFF,
    0x48,0x85,0xC0,0x74,0x32,0x0F,0xBE,0x4F,0x5C,0x3B,0x48,0x68,0x73,0x11,0x48,0x8D,0x14,0x49,0x48,0x03,0xD2,0x48,0x8B,0x40,
    0x60,0xC5,0xFA,0x10,0x7C,0xD0,0x1C,0xC5,0xCA,0xC2,0xCF,0x02,0xC5,0xFA,0x10,0x05,0x74,0x2C,0x6E,0x06,0xC4,0xE3,0x79,0x4A,
    0xCF,0x10,0xC5,0xFA,0x11,0x4F,0x38,0x40,0x38,0x77,0x5D,0x0F,0x85,0x36,0x07,0x00,0x00,0xC5,0xFA,0x10,0x47,0x38,0xC5,0xF8,
    0x2F,0xC6,0x0F,0x87,0x27,0x07,0x00,0x00,0x48,0x8B,0x47,0x48,0x48,0x39,0x85,0xA8,0x03,0x00,0x00,0x0F,0x82,0x16,0x07,0x00,
    0x00,0x83,0x7F,0x50,0xFF,0x0F,0x85,0x0C,0x07,0x00,0x00,0x49,0x8B,0xD7,0x48,0x8B,0xCF,0xE8,0xB2,0xD9,0xFF,0xFF,0x40,0x38,
    0x77,0x5D,0x0F,0x85,0xF7,0x06,0x00,0x00,0x48,0x8B,0xCF,0xE8,0xB0,0xFD,0xFF,0xFF,0x48,0x8B,0xD8,0x48,0x85,0xC0,0x75,0x1F,
    0x41,0xB1,0x01,0x4D,0x8B,0xC5,0x49,0x8B,0xD7,0x48,0x8B,0xCF,0xE8,0x67,0xEC,0xFF,0xFF,0x8B,0x05,0xED,0xF5,0x73,0x06,0x41,
    0x89,0x06,0xE9,0xCB,0x06,0x00,0x00,0x48,0x89,0x75,0x80,0x48,0x89,0x75,0xA0,0x48,0x89,0x75,0xA8,0x40,0x88,0x75,0xB0,0x48,
    0x89,0x75,0xB8,0x48,0x8D,0x05,0x5E,0xDC,0x4A,0x06,0x48,0x89,0x45,0xB8,0x48,0x8B,0x05,0xA3,0x01,0x72,0x06,0x48,0x89,0x45,
    0xA0,0xC6,0x85,0x80,0x03,0x00,0x00,0x01,0x44,0x0F,0xBE,0x4F,0x5C,0x48,0x8D,0x85,0x80,0x03,0x00,0x00,0x48,0x89,0x44,0x24,
    0x30,0x48,0x8D,0x45,0xA0,0x48,0x89,0x44,0x24,0x28,0x48,0x8D,0x45,0x80,0x48,0x89,0x44,0x24,0x20,0x4D,0x8B,0xC5,0x49,0x8B,
    0xD7,0x48,0x8B,0xCB,0xE8,0xB7,0x3D,0xD9,0x01,0x84,0xC0,0x75,0x17,0x8B,0x05,0x01,0xFC,0x73,0x06,0x41,0x89,0x06,0x48,0x8D,
    0x4D,0xB8,0xE8,0x71,0xD0,0xDD,0xFF,0xE9,0x4E,0x06,0x00,0x00,0x4C,0x8B,0x45,0x80,0x49,0x83,0xC0,0x08,0x48,0x8D,0x55,0xC0,
    0x48,0x8B,0xCF,0xE8,0x18,0xD8,0xFF,0xFF,0x90,0x80,0x7D,0xD0,0x00,0x75,0x3D,0x41,0xB1,0x01,0x4D,0x8B,0xC5,0x49,0x8B,0xD7,
    0x48,0x8B,0xCF,0xE8,0xB0,0xEB,0xFF,0xFF,0x8B,0x05,0xC6,0xFB,0x73,0x06,0x41,0x89,0x06,0x48,0x8D,0x05,0xA0,0xDF,0x16,0x05,
    0x48,0x89,0x45,0xC0,0x48,0x8D,0x4D,0xC0,0xE8,0x73,0xCB,0xE7,0x00,0x90,0x48,0x8D,0x4D,0xB8,0xE8,0x19,0xD0,0xDD,0xFF,0xE9,
    0xF6,0x05,0x00,0x00,0x48,0x8B,0x55,0xC8,0x48,0x8D,0x4D,0xF0,0xE8,0x57,0x71,0xF5,0xFF,0x90,0xF7,0x47,0x10,0xFF,0xFF,0xFF,
    0x1F,0x74,0x04,0xB1,0x09,0xEB,0x57,0x48,0x8D,0x4F,0x04,0xE8,0xE0,0x97,0x00,0x00,0x44,0x0F,0xB6,0x07,0x8B,0x4F,0x08,0x48,
    0x8D,0x14,0xC9,0x48,0x03,0xD2,0x48,0x8B,0x80,0x20,0x01,0x00,0x00,0x80,0x7C,0xD0,0x01,0x01,0x75,0x1E,0x48,0x8B,0xD7,0xB8,
    0x04,0x00,0x00,0x00,0x4C,0x8B,0xE7,0xBE,0x08,0x00,0x00,0x00,0x41,0x80,0xF8,0x01,0x75,0x04,0xB1,0x0B,0xEB,0x28,0xB1,0x08,
    0xEB,0x24,0x41,0x80,0xF8,0x02,0x75,0x04,0xB1,0x08,0xEB,0x0A,0x41,0x80,0xF8,0x01,0xB1,0x0A,0x74,0x02,0xB1,0x07,0xBE,0x08,
    0x00,0x00,0x00,0x4C,0x8B,0xE7,0xB8,0x04,0x00,0x00,0x00,0x48,0x8B,0xD7,0x48,0x03,0xC2,0x48,0x89,0x45,0x98,0x88,0x4D,0x45,
    0x48,0x8B,0xC8,0xE8,0x70,0x97,0x00,0x00,0x41,0x8B,0x0C,0x34,0x48,0x8D,0x14,0xC9,0x48,0x03,0xD2,0x48,0x8B,0x80,0x20,0x01,
    0x00,0x00,0xB9,0x28,0x00,0x00,0x00,0x80,0x7C,0xD0,0x01,0x01,0x74,0x15,0x0F,0xB6,0x17,0x80,0xFA,0x02,0x74,0x0D,0xB8,0x69,
    0x00,0x00,0x00,0x80,0xFA,0x01,0x0F,0x44,0xC1,0x8B,0xC8,0x89,0x8D,0x28,0x01,0x00,0x00,0x48,0x8B,0x4D,0x98,0xE8,0x2E,0x97,
    0x00,0x00,0x8B,0x08,0x89,0x4D,0x48,0x48,0x8B,0x45,0x98,0x48,0x8B,0x00,0x48,0x89,0x85,0x38,0x01,0x00,0x00,0x48,0x8B,0x47,
    0x10,0x48,0x89,0x45,0x18,0xC5,0xFA,0x10,0x05,0x83,0x29,0x6E,0x06,0x48,0x8B,0x45,0x80,0x0F,0xB6,0x40,0x20,0xC5,0xF0,0x57,
    0xC9,0xC5,0xF2,0x2A,0xC8,0xC5,0xF8,0x2F,0xC1,0x76,0x09,0xC5,0xFA,0x5C,0xC1,0xC5,0xFA,0x11,0x45,0x3C,0x4C,0x8B,0x4D,0xC8,
    0x4D,0x8B,0xC7,0x48,0x8D,0x55,0xF0,0x48,0x8B,0xCF,0xE8,0xA9,0xED,0xFF,0xFF,0x80,0xBD,0x80,0x03,0x00,0x00,0x00,0x75,0x0E,
    0xC6,0x85,0x4A,0x01,0x00,0x00,0x00,0xC6,0x85,0x4C,0x01,0x00,0x00,0x01,0xB8,0xFF,0xFF,0x00,0x00,0x66,0x39,0x43,0x04,0x74,
    0x10,0x80,0x3F,0x02,0x74,0x0B,0x48,0x8B,0x43,0x04,0x48,0x89,0x85,0x30,0x01,0x00,0x00,0x48,0x8B,0x45,0xC8,0x48,0x8B,0x48,
    0x68,0x48,0x8B,0x41,0x20,0x0F,0xB7,0x48,0x30,0x66,0x89,0x8D,0x80,0x03,0x00,0x00,0x33,0xC0,0x48,0x89,0x85,0x68,0x02,0x00,
    0x00,0x48,0xC7,0x85,0x70,0x02,0x00,0x00,0x05,0x01,0x00,0x00,0x89,0x85,0x74,0x02,0x00,0x00,0x88,0x85,0x60,0x01,0x00,0x00,
    0x89,0x85,0x74,0x02,0x00,0x00,0x88,0x85,0x60,0x01,0x00,0x00,0x48,0x8B,0x85,0x68,0x02,0x00,0x00,0x48,0x85,0xC0,0x74,0x03,
    0xC6,0x00,0x00,0x80,0x3D,0xF6,0x2B,0x6E,0x06,0x00,0x74,0x5A,0x48,0x8B,0x5D,0x80,0x48,0x83,0xC3,0x28,0x48,0x8B,0x03,0x48,
    0x8B,0x08,0x48,0x85,0xC9,0x74,0x47,0x80,0x39,0x00,0x74,0x42,0x48,0x8D,0x8D,0x80,0x03,0x00,0x00,0xE8,0xF8,0x15,0xDD,0xFF,
    0x48,0x8D,0x88,0x38,0x02,0x00,0x00,0xE8,0x1C,0xFC,0xF5,0xFF,0x48,0x8B,0x48,0x08,0x48,0x8B,0x01,0x48,0x89,0x85,0x80,0x03,
    0x00,0x00,0x48,0x8D,0x8D,0x60,0x01,0x00,0x00,0x48,0x8B,0x85,0x68,0x02,0x00,0x00,0x48,0x85,0xC0,0x48,0x0F,0x45,0xC8,0x48,
    0x89,0x5C,0x24,0x20,0xEB,0x44,0x48,0x8D,0x8D,0x80,0x03,0x00,0x00,0xE8,0xB6,0x15,0xDD,0xFF,0x48,0x8D,0x88,0x38,0x02,0x00,
    0x00,0xE8,0xDA,0xFB,0xF5,0xFF,0x48,0x8B,0x48,0x08,0x48,0x8B,0x01,0x48,0x89,0x85,0x80,0x03,0x00,0x00,0x48,0x8D,0x8D,0x60,
    0x01,0x00,0x00,0x48,0x8B,0x85,0x68,0x02,0x00,0x00,0x48,0x85,0xC0,0x48,0x0F,0x45,0xC8,0x48,0x8D,0x45,0xB8,0x48,0x89,0x44,
    0x24,0x20,0xC7,0x85,0x74,0x02,0x00,0x00,0xFF,0xFF,0xFF,0xFF,0x4C,0x8D,0x8D,0x80,0x03,0x00,0x00,0x4C,0x8D,0x05,0x06,0xA6,
    0xFC,0x04,0x8B,0x95,0x70,0x02,0x00,0x00,0xE8,0xAB,0x93,0x00,0x00,0x48,0x8D,0x95,0x60,0x01,0x00,0x00,0x48,0x8B,0x85,0x68,
    0x02,0x00,0x00,0x48,0x85,0xC0,0x48,0x0F,0x45,0xD0,0x48,0x8D,0x8D,0x10,0x01,0x00,0x00,0xE8,0x4A,0xDF,0xE1,0xFF,0x48,0x8B,
    0x5D,0xA0,0x48,0x85,0xDB,0x74,0x6D,0x48,0x8B,0x03,0x33,0xD2,0x48,0x8B,0xCB,0xFF,0x50,0x08,0x48,0x85,0xC0,0x74,0x5D,0x80,
    0x38,0x00,0x74,0x58,0x48,0x8D,0x4D,0x50,0xE8,0x13,0x2E,0xE6,0xFF,0x48,0x8B,0x03,0x33,0xD2,0x48,0x8B,0xCB,0xFF,0x50,0x08,
    0x48,0x8B,0xD0,0x48,0x8D,0x4D,0xF8,0xE8,0x0C,0xDF,0xE1,0xFF,0x48,0x8B,0x45,0xA8,0x48,0x89,0x45,0x30,0x48,0x8B,0x03,0x33,
    0xD2,0x48,0x8B,0xCB,0xFF,0x50,0x08,0xC5,0xFA,0x10,0x35,0xC9,0xC5,0x6D,0x06,0x48,0x8B,0xC8,0xE8,0x89,0xFC,0x27,0x01,0xC5,
    0xFA,0x58,0xCE,0xC5,0xFA,0x11,0x8D,0x58,0x01,0x00,0x00,0xC6,0x85,0x4D,0x01,0x00,0x00,0x01,0xEB,0x0F,0xC6,0x85,0x4D,0x01,
    0x00,0x00,0x00,0xC5,0xFA,0x10,0x8D,0x58,0x01,0x00,0x00,0xC5,0xF2,0x58,0x45,0x3C,0xC5,0xFA,0x11,0x47,0x38,0x48,0x8B,0x05,
    0xE4,0x10,0x7B,0x06,0x48,0x8B,0x48,0x20,0x4C,0x8B,0x45,0xC8,0x48,0x8D,0x55,0xF0,0x48,0x8B,0x89,0xD0,0x11,0x00,0x00,0xE8,
    0x2C,0x83,0xF5,0xFF,0x8B,0xC8,0x89,0x47,0x50,0x83,0xF8,0xFF,0x0F,0x85,0xB9,0x00,0x00,0x00,0x41,0xB1,0x01,0x4D,0x8B,0xC5,
    0x49,0x8B,0xD7,0x48,0x8B,0xCF,0xE8,0x1D,0xE8,0xFF,0xFF,0x8B,0x05,0xAF,0xA0,0x72,0x06,0x41,0x89,0x06,0x48,0x8B,0x8D,0x68,
    0x02,0x00,0x00,0x48,0x85,0xC9,0x74,0x2E,0x41,0xB8,0xFD,0x01,0x00,0x00,0x65,0x48,0x8B,0x04,0x25,0x58,0x00,0x00,0x00,0x48,
    0x8B,0x10,0x41,0x80,0x3C,0x10,0x00,0x74,0x07,0xE8,0x26,0x82,0x23,0x04,0xEB,0x05,0xE8,0x1F,0x81,0x23,0x04,0x33,0xDB,0x48,
    0x89,0x9D,0x68,0x02,0x00,0x00,0x48,0x8D,0x8D,0x18,0x01,0x00,0x00,0xE8,0x3E,0x2C,0xDD,0xFF,0x90,0x48,0x8D,0x8D,0x10,0x01,
    0x00,0x00,0xE8,0x51,0xCC,0xDD,0xFF,0x90,0x48,0x8D,0x4D,0x58,0xE8,0x57,0xC8,0xEC,0xFF,0x90,0x48,0x8D,0x4D,0x50,0xE8,0x3D,
    0xCC,0xDD,0xFF,0x90,0x48,0x8D,0x4D,0xF8,0xE8,0x33,0xCC,0xDD,0xFF,0x90,0x48,0x8D,0x4D,0xF0,0xE8,0x29,0xCC,0xDD,0xFF,0x90,
    0x48,0x8D,0x05,0x91,0xDB,0x16,0x05,0x48,0x89,0x45,0xC0,0x48,0x8D,0x4D,0xC0,0xE8,0x64,0xC7,0xE7,0x00,0x90,0x48,0x8D,0x4D,
    0xB8,0xE8,0x0A,0xCC,0xDD,0xFF,0xE9,0xE7,0x01,0x00,0x00,0x4C,0x8B,0x7D,0xC8,0x41,0x8B,0x47,0x60,0x89,0x47,0x18,0x89,0x4F,
    0x54,0x4D,0x85,0xED,0x0F,0x84,0xC8,0x00,0x00,0x00,0x48,0x8B,0x45,0x80,0x8B,0x48,0x18,0x41,0x8B,0x5D,0x60,0x41,0x39,0x5F,
    0x60,0x75,0x03,0x8B,0x5F,0x1C,0x85,0xC9,0x75,0x0E,0x8B,0x0D,0x0C,0x4D,0x4B,0x06,0x85,0xC9,0x0F,0x84,0xA2,0x00,0x00,0x00,
    0xC7,0x45,0x80,0xFF,0xFF,0x00,0x00,0x89,0x4D,0x84,0xE8,0xC9,0x3F,0xAB,0x01,0x89,0x45,0x88,0x48,0x8D,0x4D,0x80,0xE8,0x1D,
    0xE1,0x1F,0x01,0x48,0x8D,0x55,0x80,0x48,0x8D,0x8D,0x80,0x02,0x00,0x00,0xE8,0x3D,0xD3,0x1F,0x01,0x89,0x9D,0x98,0x02,0x00,
    0x00,0x48,0x8B,0xCF,0xE8,0x9F,0xEF,0xFF,0xFF,0x89,0x85,0xD8,0x02,0x00,0x00,0x49,0x8B,0x47,0x68,0x48,0x8B,0x48,0x58,0x48,
    0x8B,0x01,0x45,0x33,0xC9,0x4C,0x8D,0x85,0x80,0x02,0x00,0x00,0x48,0x8D,0x55,0xE0,0xFF,0x90,0x88,0x01,0x00,0x00,0xF7,0x45,
    0xE0,0x71,0x7C,0x0A,0x04,0x75,0x3B,0xC6,0x85,0x80,0x03,0x00,0x00,0x00,0x41,0x8B,0x47,0x60,0x89,0x45,0x90,0x89,0x45,0x80,
    0x48,0x8D,0x85,0x80,0x03,0x00,0x00,0x48,0x89,0x44,0x24,0x70,0x48,0x8D,0x45,0x90,0x48,0x89,0x44,0x24,0x68,0x48,0x8D,0x45,
    0x80,0x48,0x89,0x44,0x24,0x60,0x8B,0x45,0xE4,0x89,0x44,0x24,0x48,0xE8,0x76,0x8F,0x00,0x00,0x80,0x7F,0x5C,0x00,0x75,0x61,
    0x80,0x3F,0x01,0x75,0x5C,0x80,0x7F,0x40,0x00,0x74,0x56,0x48,0x8B,0x4D,0x98,0xE8,0xFC,0x92,0x00,0x00,0x41,0x8B,0x0C,0x34,
    0x48,0x8D,0x14,0xC9,0x48,0x03,0xD2,0x48,0x8B,0x80,0x20,0x01,0x00,0x00,0x83,0x7C,0xD0,0x70,0x00,0x75,0x34,0x48,0x8B,0x05,
    0xEC,0x0E,0x7B,0x06,0x48,0x8B,0x48,0x20,0x80,0xB9,0x7E,0x10,0x00,0x00,0x03,0x74,0x1C,0xC6,0x81,0x7E,0x10,0x00,0x00,0x03,
    0x48,0x8B,0x89,0xC0,0x11,0x00,0x00,0xB2,0x03,0x48,0x8B,0x89,0x00,0x09,0x00,0x00,0xE8,0x43,0xBD,0xEE,0xFF,0xC6,0x47,0x41,
    0x01,0x33,0xDB,0x41,0x89,0x1E,0x48,0x8B,0x8D,0x68,0x02,0x00,0x00,0x48,0x85,0xC9,0x74,0x2B,0x41,0xB8,0xFD,0x01,0x00,0x00,
    0x65,0x48,0x8B,0x04,0x25,0x58,0x00,0x00,0x00,0x48,0x8B,0x10,0x41,0x38,0x1C,0x10,0x74,0x07,0xE8,0x3D,0x80,0x23,0x04,0xEB,
    0x05,0xE8,0x36,0x7F,0x23,0x04,0x48,0x89,0x9D,0x68,0x02,0x00,0x00,0x48,0x8D,0x8D,0x18,0x01,0x00,0x00,0xE8,0x57,0x2A,0xDD,
    0xFF,0x90,0x48,0x8D,0x8D,0x10,0x01,0x00,0x00,0xE8,0x6A,0xCA,0xDD,0xFF,0x90,0x48,0x8D,0x4D,0x58,0xE8,0x70,0xC6,0xEC,0xFF,
    0x90,0x48,0x8D,0x4D,0x50,0xE8,0x56,0xCA,0xDD,0xFF,0x90,0x48,0x8D,0x4D,0xF8,0xE8,0x4C,0xCA,0xDD,0xFF,0x90,0x48,0x8D,0x4D,
    0xF0,0xE8,0x42,0xCA,0xDD,0xFF,0x90,0x48,0x8D,0x05,0xAA,0xD9,0x16,0x05,0x48,0x89,0x45,0xC0,0x48,0x8D,0x4D,0xC0,0xE8,0x7D,
    0xC5,0xE7,0x00,0x90,0x48,0x8D,0x4D,0xB8,0xE8,0x23,0xCA,0xDD,0xFF,0xEB,0x03,0x41,0x89,0x36,0x49,0x8B,0xC6,0x4C,0x8D,0x9C,
    0x24,0x50,0x04,0x00,0x00,0x49,0x8B,0x5B,0x38,0x49,0x8B,0x73,0x40,0x49,0x8B,0x7B,0x48,0xC4,0xC1,0x78,0x28,0x73,0xF0,0xC4,
    0xC1,0x78,0x28,0x7B,0xE0,0x49,0x8B,0xE3,0x41,0x5F,0x41,0x5E,0x41,0x5D,0x41,0x5C,0x5D,0xC3,
};
static const U8 DialogueUpdateMask[] = {
    0xFF,0xFF,0xFF,0xFF,0xFF,0xFF,0xFF,0xFF,0xFF,0xFF,0xFF,0xFF,0xFF,0xFF,0xFF,0xFF,0xFF,0xFF,0xFF,0xFF,0xFF,0xFF,0xFF,0xFF,
    0xFF,0xFF,0xFF,0xFF,0xFF,0xFF,0xFF,0xFF,0xFF,0xFF,0xFF,0xFF,0xFF,0xFF,0xFF,0xFF,0xFF,0xFF,0xFF,0xFF,0xFF,0xFF,0xFF,0xFF,
    0xFF,0xFF,0xFF,0xFF,0xFF,0xFF,0xFF,0xFF,0xFF,0xFF,0xFF,0xFF,0xFF,0xFF,0xFF,0xFF,0xFF,0xFF,0xFF,0xFF,0xFF,0xFF,0xFF,0xFF,
    0xFF,0xFF,0xFF,0xFF,0xFF,0xFF,0xFF,0xFF,0xFF,0xFF,0xFF,0xFF,0xFF,0xFF,0xFF,0xFF,0xFF,0xFF,0xFF,0xFF,0xFF,0x00,0x00,0x00,
    0x00,0xFF,0xFF,0xFF,0xFF,0xFF,0xFF,0xFF,0xFF,0xFF,0xFF,0xFF,0xFF,0xFF,0xFF,0xFF,0xFF,0xFF,0xFF,0xFF,0xFF,0xFF,0xFF,0xFF,
    0xFF,0xFF,0xFF,0xFF,0xFF,0xFF,0xFF,0xFF,0xFF,0xFF,0xFF,0xFF,0x00,0x00,0x00,0x00,0xFF,0xFF,0xFF,0xFF,0xFF,0xFF,0xFF,0xFF,
    0xFF,0x00,0x00,0x00,0x00,0xFF,0xFF,0xFF,0xFF,0xFF,0xFF,0xFF,0x00,0x00,0x00,0x00,0xFF,0xFF,0xFF,0xFF,0x00,0x00,0x00,0x00,
    0xFF,0xFF,0xFF,0xFF,0xFF,0xFF,0xFF,0xFF,0xFF,0xFF,0xFF,0xFF,0xFF,0xFF,0xFF,0xFF,0xFF,0xFF,0xFF,0xFF,0xFF,0xFF,0xFF,0xFF,
    0xFF,0xFF,0xFF,0xFF,0xFF,0xFF,0xFF,0xFF,0xFF,0xFF,0xFF,0xFF,0xFF,0xFF,0xFF,0xFF,0x00,0x00,0x00,0x00,0xFF,0xFF,0xFF,0xFF,
    0xFF,0xFF,0xFF,0xFF,0xFF,0xFF,0xFF,0xFF,0xFF,0xFF,0xFF,0xFF,0xFF,0xFF,0xFF,0xFF,0xFF,0xFF,0xFF,0xFF,0xFF,0xFF,0xFF,0xFF,
    0xFF,0xFF,0xFF,0xFF,0xFF,0xFF,0xFF,0xFF,0xFF,0xFF,0xFF,0xFF,0xFF,0xFF,0xFF,0xFF,0xFF,0xFF,0xFF,0xFF,0xFF,0xFF,0xFF,0xFF,
    0xFF,0xFF,0xFF,0xFF,0xFF,0xFF,0xFF,0xFF,0xFF,0xFF,0xFF,0xFF,0xFF,0xFF,0xFF,0xFF,0xFF,0xFF,0x00,0x00,0x00,0x00,0xFF,0xFF,
    0xFF,0xFF,0xFF,0xFF,0xFF,0xFF,0xFF,0xFF,0xFF,0xFF,0xFF,0xFF,0x00,0x00,0x00,0x00,0xFF,0xFF,0xFF,0xFF,0xFF,0xFF,0xFF,0xFF,
    0xFF,0xFF,0xFF,0xFF,0xFF,0xFF,0xFF,0xFF,0xFF,0xFF,0xFF,0xFF,0xFF,0x00,0x00,0x00,0x00,0xFF,0xFF,0x00,0x00,0x00,0x00,0xFF,
    0xFF,0xFF,0xFF,0xFF,0xFF,0xFF,0xFF,0xFF,0xFF,0xFF,0xFF,0xFF,0xFF,0xFF,0xFF,0xFF,0xFF,0xFF,0xFF,0xFF,0xFF,0xFF,0xFF,0xFF,
    0xFF,0xFF,0xFF,0xFF,0xFF,0xFF,0x00,0x00,0x00,0x00,0xFF,0xFF,0xFF,0xFF,0xFF,0xFF,0xFF,0x00,0x00,0x00,0x00,0xFF,0xFF,0xFF,
    0xFF,0xFF,0xFF,0xFF,0xFF,0xFF,0xFF,0xFF,0xFF,0xFF,0xFF,0xFF,0xFF,0xFF,0xFF,0xFF,0xFF,0xFF,0xFF,0xFF,0xFF,0xFF,0xFF,0xFF,
    0xFF,0xFF,0xFF,0xFF,0xFF,0xFF,0xFF,0xFF,0xFF,0xFF,0xFF,0xFF,0xFF,0xFF,0xFF,0xFF,0xFF,0xFF,0xFF,0xFF,0xFF,0xFF,0xFF,0xFF,
    0xFF,0xFF,0xFF,0xFF,0xFF,0x00,0x00,0x00,0x00,0xFF,0xFF,0xFF,0xFF,0xFF,0xFF,0x00,0x00,0x00,0x00,0xFF,0xFF,0xFF,0xFF,0xFF,
    0xFF,0xFF,0xFF,0x00,0x00,0x00,0x00,0xFF,0xFF,0xFF,0xFF,0xFF,0xFF,0xFF,0xFF,0xFF,0xFF,0xFF,0xFF,0xFF,0xFF,0xFF,0xFF,0xFF,
    0xFF,0xFF,0xFF,0xFF,0x00,0x00,0x00,0x00,0xFF,0xFF,0xFF,0xFF,0xFF,0xFF,0xFF,0xFF,0xFF,0xFF,0xFF,0xFF,0xFF,0xFF,0xFF,0xFF,
    0xFF,0xFF,0xFF,0xFF,0x00,0x00,0x00,0x00,0xFF,0xFF,0x00,0x00,0x00,0x00,0xFF,0xFF,0xFF,0xFF,0xFF,0xFF,0x00,0x00,0x00,0x00,
    0xFF,0xFF,0xFF,0xFF,0xFF,0xFF,0xFF,0xFF,0xFF,0x00,0x00,0x00,0x00,0xFF,0xFF,0xFF,0xFF,0xFF,0xFF,0x00,0x00,0x00,0x00,0xFF,
    0xFF,0xFF,0xFF,0xFF,0xFF,0xFF,0xFF,0xFF,0xFF,0xFF,0xFF,0xFF,0xFF,0x00,0x00,0x00,0x00,0xFF,0xFF,0xFF,0xFF,0xFF,0xFF,0xFF,
    0xFF,0xFF,0xFF,0xFF,0xFF,0xFF,0xFF,0xFF,0xFF,0xFF,0xFF,0xFF,0x00,0x00,0x00,0x00,0xFF,0xFF,0xFF,0xFF,0xFF,0xFF,0xFF,0xFF,
    0xFF,0xFF,0xFF,0xFF,0xFF,0xFF,0xFF,0xFF,0xFF,0xFF,0xFF,0xFF,0xFF,0xFF,0xFF,0xFF,0xFF,0xFF,0xFF,0xFF,0xFF,0xFF,0xFF,0xFF,
    0xFF,0xFF,0xFF,0xFF,0xFF,0xFF,0xFF,0xFF,0xFF,0xFF,0xFF,0xFF,0xFF,0xFF,0xFF,0xFF,0xFF,0xFF,0xFF,0xFF,0xFF,0xFF,0xFF,0xFF,
    0xFF,0xFF,0xFF,0xFF,0xFF,0xFF,0xFF,0xFF,0xFF,0xFF,0xFF,0xFF,0xFF,0xFF,0xFF,0xFF,0xFF,0xFF,0xFF,0xFF,0xFF,0xFF,0xFF,0xFF,
    0xFF,0xFF,0xFF,0xFF,0xFF,0xFF,0xFF,0xFF,0xFF,0xFF,0xFF,0xFF,0xFF,0xFF,0xFF,0xFF,0xFF,0xFF,0xFF,0xFF,0xFF,0xFF,0xFF,0xFF,
    0xFF,0xFF,0xFF,0xFF,0x00,0x00,0x00,0x00,0xFF,0xFF,0xFF,0xFF,0xFF,0xFF,0xFF,0xFF,0xFF,0xFF,0xFF,0xFF,0xFF,0xFF,0xFF,0xFF,
    0xFF,0xFF,0xFF,0xFF,0xFF,0xFF,0xFF,0xFF,0xFF,0xFF,0xFF,0xFF,0xFF,0xFF,0xFF,0xFF,0xFF,0xFF,0xFF,0xFF,0xFF,0xFF,0xFF,0xFF,
    0xFF,0xFF,0xFF,0xFF,0xFF,0xFF,0xFF,0xFF,0xFF,0xFF,0xFF,0xFF,0xFF,0xFF,0xFF,0xFF,0xFF,0xFF,0xFF,0xFF,0xFF,0xFF,0x00,0x00,
    0x00,0x00,0xFF,0xFF,0xFF,0xFF,0xFF,0xFF,0xFF,0xFF,0xFF,0xFF,0xFF,0xFF,0xFF,0xFF,0xFF,0xFF,0xFF,0xFF,0xFF,0xFF,0xFF,0xFF,
    0xFF,0xFF,0xFF,0xFF,0xFF,0xFF,0xFF,0xFF,0xFF,0x00,0x00,0x00,0x00,0xFF,0xFF,0xFF,0xFF,0xFF,0xFF,0xFF,0xFF,0xFF,0xFF,0xFF,
    0xFF,0xFF,0xFF,0xFF,0xFF,0xFF,0xFF,0xFF,0xFF,0xFF,0xFF,0xFF,0xFF,0xFF,0xFF,0xFF,0xFF,0xFF,0xFF,0xFF,0xFF,0xFF,0xFF,0xFF,
    0xFF,0xFF,0xFF,0xFF,0xFF,0xFF,0xFF,0xFF,0xFF,0xFF,0xFF,0x00,0x00,0x00,0x00,0xFF,0xFF,0xFF,0xFF,0xFF,0xFF,0xFF,0xFF,0xFF,
    0xFF,0xFF,0xFF,0xFF,0xFF,0xFF,0xFF,0xFF,0xFF,0xFF,0xFF,0xFF,0xFF,0xFF,0xFF,0xFF,0xFF,0xFF,0xFF,0xFF,0xFF,0xFF,0xFF,0xFF,
    0xFF,0xFF,0xFF,0xFF,0xFF,0xFF,0xFF,0xFF,0xFF,0xFF,0xFF,0xFF,0xFF,0xFF,0xFF,0xFF,0xFF,0xFF,0xFF,0xFF,0xFF,0xFF,0xFF,0xFF,
    0xFF,0xFF,0xFF,0xFF,0xFF,0xFF,0xFF,0xFF,0xFF,0xFF,0xFF,0xFF,0xFF,0xFF,0xFF,0xFF,0xFF,0xFF,0xFF,0xFF,0xFF,0xFF,0xFF,0xFF,
    0xFF,0xFF,0xFF,0xFF,0xFF,0xFF,0xFF,0xFF,0xFF,0xFF,0xFF,0xFF,0xFF,0xFF,0xFF,0xFF,0xFF,0xFF,0xFF,0xFF,0xFF,0xFF,0xFF,0xFF,
    0xFF,0xFF,0xFF,0xFF,0xFF,0xFF,0xFF,0xFF,0xFF,0xFF,0xFF,0xFF,0xFF,0xFF,0xFF,0xFF,0xFF,0xFF,0xFF,0xFF,0xFF,0xFF,0xFF,0xFF,
    0xFF,0xFF,0xFF,0xFF,0xFF,0x00,0x00,0x00,0x00,0xFF,0xFF,0xFF,0xFF,0xFF,0xFF,0xFF,0xFF,0xFF,0xFF,0xFF,0xFF,0xFF,0xFF,0xFF,
    0xFF,0xFF,0xFF,0xFF,0xFF,0xFF,0xFF,0xFF,0xFF,0xFF,0xFF,0xFF,0xFF,0xFF,0xFF,0xFF,0xFF,0xFF,0xFF,0xFF,0x00,0x00,0x00,0x00,
    0xFF,0xFF,0xFF,0xFF,0xFF,0xFF,0xFF,0xFF,0x00,0x00,0x00,0x00,0xFF,0xFF,0xFF,0xFF,0xFF,0xFF,0xFF,0xFF,0xFF,0xFF,0xFF,0xFF,
    0xFF,0xFF,0xFF,0xFF,0xFF,0xFF,0xFF,0xFF,0xFF,0xFF,0xFF,0xFF,0xFF,0xFF,0xFF,0xFF,0xFF,0xFF,0xFF,0xFF,0xFF,0xFF,0xFF,0xFF,
    0xFF,0xFF,0xFF,0xFF,0xFF,0xFF,0xFF,0xFF,0xFF,0xFF,0xFF,0xFF,0xFF,0xFF,0x00,0x00,0x00,0x00,0xFF,0xFF,0xFF,0xFF,0xFF,0xFF,
    0xFF,0xFF,0x00,0x00,0x00,0x00,0xFF,0xFF,0xFF,0xFF,0xFF,0xFF,0xFF,0xFF,0xFF,0xFF,0xFF,0xFF,0xFF,0xFF,0xFF,0xFF,0xFF,0xFF,
    0xFF,0xFF,0xFF,0xFF,0xFF,0xFF,0xFF,0xFF,0xFF,0xFF,0xFF,0xFF,0xFF,0xFF,0xFF,0xFF,0xFF,0xFF,0xFF,0xFF,0xFF,0xFF,0xFF,0xFF,
    0xFF,0xFF,0xFF,0xFF,0xFF,0xFF,0xFF,0xFF,0xFF,0xFF,0xFF,0xFF,0xFF,0xFF,0xFF,0xFF,0xFF,0xFF,0xFF,0xFF,0xFF,0xFF,0x00,0x00,
    0x00,0x00,0xFF,0xFF,0xFF,0xFF,0xFF,0xFF,0xFF,0x00,0x00,0x00,0x00,0xFF,0xFF,0xFF,0xFF,0xFF,0xFF,0xFF,0xFF,0xFF,0xFF,0xFF,
    0xFF,0xFF,0xFF,0xFF,0xFF,0xFF,0xFF,0xFF,0xFF,0xFF,0xFF,0xFF,0xFF,0xFF,0xFF,0xFF,0xFF,0xFF,0x00,0x00,0x00,0x00,0xFF,0xFF,
    0xFF,0xFF,0xFF,0xFF,0xFF,0xFF,0xFF,0xFF,0xFF,0xFF,0xFF,0xFF,0xFF,0xFF,0xFF,0xFF,0xFF,0xFF,0xFF,0xFF,0xFF,0xFF,0xFF,0xFF,
    0xFF,0xFF,0xFF,0xFF,0xFF,0xFF,0xFF,0xFF,0xFF,0x00,0x00,0x00,0x00,0xFF,0xFF,0xFF,0xFF,0xFF,0xFF,0xFF,0xFF,0xFF,0xFF,0xFF,
    0xFF,0xFF,0xFF,0xFF,0xFF,0xFF,0xFF,0xFF,0x00,0x00,0x00,0x00,0xFF,0xFF,0xFF,0xFF,0xFF,0xFF,0xFF,0xFF,0xFF,0xFF,0xFF,0xFF,
    0xFF,0xFF,0xFF,0xFF,0xFF,0xFF,0xFF,0xFF,0xFF,0xFF,0xFF,0x00,0x00,0x00,0x00,0xFF,0xFF,0xFF,0xFF,0x00,0x00,0x00,0x00,0xFF,
    0xFF,0xFF,0xFF,0xFF,0xFF,0xFF,0xFF,0xFF,0xFF,0xFF,0xFF,0xFF,0xFF,0xFF,0xFF,0xFF,0xFF,0xFF,0xFF,0xFF,0xFF,0xFF,0xFF,0xFF,
    0xFF,0xFF,0xFF,0xFF,0xFF,0xFF,0xFF,0xFF,0xFF,0xFF,0xFF,0xFF,0xFF,0xFF,0xFF,0xFF,0xFF,0xFF,0xFF,0xFF,0xFF,0xFF,0xFF,0xFF,
    0x00,0x00,0x00,0x00,0xFF,0xFF,0xFF,0xFF,0xFF,0xFF,0xFF,0xFF,0xFF,0xFF,0xFF,0xFF,0xFF,0xFF,0xFF,0xFF,0xFF,0xFF,0xFF,0xFF,
    0x00,0x00,0x00,0x00,0xFF,0xFF,0xFF,0xFF,0xFF,0xFF,0xFF,0xFF,0xFF,0xFF,0xFF,0xFF,0xFF,0xFF,0xFF,0xFF,0xFF,0xFF,0xFF,0xFF,
    0xFF,0xFF,0xFF,0xFF,0xFF,0xFF,0xFF,0x00,0x00,0x00,0x00,0xFF,0xFF,0x00,0x00,0x00,0x00,0xFF,0xFF,0xFF,0xFF,0xFF,0xFF,0xFF,
    0xFF,0xFF,0xFF,0xFF,0xFF,0xFF,0xFF,0xFF,0xFF,0xFF,0xFF,0xFF,0xFF,0xFF,0xFF,0xFF,0xFF,0xFF,0xFF,0xFF,0xFF,0xFF,0xFF,0xFF,
    0xFF,0xFF,0xFF,0xFF,0xFF,0xFF,0xFF,0xFF,0xFF,0xFF,0x00,0x00,0x00,0x00,0xFF,0xFF,0xFF,0x00,0x00,0x00,0x00,0xFF,0xFF,0xFF,
    0xFF,0xFF,0xFF,0xFF,0xFF,0xFF,0xFF,0xFF,0xFF,0xFF,0xFF,0xFF,0xFF,0xFF,0x00,0x00,0x00,0x00,0xFF,0xFF,0xFF,0xFF,0xFF,0xFF,
    0xFF,0xFF,0xFF,0x00,0x00,0x00,0x00,0xFF,0xFF,0xFF,0xFF,0xFF,0xFF,0x00,0x00,0x00,0x00,0xFF,0xFF,0xFF,0xFF,0xFF,0xFF,0x00,
    0x00,0x00,0x00,0xFF,0xFF,0xFF,0xFF,0xFF,0xFF,0x00,0x00,0x00,0x00,0xFF,0xFF,0xFF,0xFF,0xFF,0xFF,0x00,0x00,0x00,0x00,0xFF,
    0xFF,0xFF,0xFF,0x00,0x00,0x00,0x00,0xFF,0xFF,0xFF,0xFF,0xFF,0xFF,0xFF,0xFF,0xFF,0x00,0x00,0x00,0x00,0xFF,0xFF,0xFF,0xFF,
    0xFF,0xFF,0x00,0x00,0x00,0x00,0xFF,0xFF,0xFF,0xFF,0xFF,0xFF,0xFF,0xFF,0xFF,0xFF,0xFF,0xFF,0xFF,0xFF,0xFF,0xFF,0xFF,0xFF,
    0xFF,0xFF,0xFF,0xFF,0xFF,0xFF,0xFF,0xFF,0xFF,0xFF,0xFF,0xFF,0xFF,0xFF,0xFF,0xFF,0xFF,0xFF,0xFF,0xFF,0xFF,0xFF,0xFF,0xFF,
    0xFF,0xFF,0xFF,0xFF,0xFF,0xFF,0xFF,0xFF,0xFF,0xFF,0xFF,0xFF,0x00,0x00,0x00,0x00,0xFF,0xFF,0xFF,0xFF,0xFF,0xFF,0xFF,0xFF,
    0xFF,0xFF,0xFF,0xFF,0xFF,0xFF,0xFF,0xFF,0xFF,0xFF,0xFF,0x00,0x00,0x00,0x00,0xFF,0xFF,0xFF,0xFF,0xFF,0xFF,0xFF,0xFF,0x00,
    0x00,0x00,0x00,0xFF,0xFF,0xFF,0xFF,0xFF,0xFF,0xFF,0xFF,0xFF,0xFF,0xFF,0xFF,0x00,0x00,0x00,0x00,0xFF,0xFF,0xFF,0xFF,0xFF,
    0xFF,0xFF,0xFF,0xFF,0xFF,0x00,0x00,0x00,0x00,0xFF,0xFF,0xFF,0xFF,0xFF,0xFF,0xFF,0xFF,0xFF,0xFF,0xFF,0xFF,0xFF,0xFF,0xFF,
    0xFF,0xFF,0xFF,0xFF,0xFF,0xFF,0xFF,0xFF,0xFF,0xFF,0xFF,0xFF,0xFF,0xFF,0xFF,0xFF,0xFF,0xFF,0xFF,0xFF,0xFF,0xFF,0xFF,0xFF,
    0xFF,0xFF,0xFF,0xFF,0xFF,0xFF,0xFF,0xFF,0xFF,0xFF,0xFF,0xFF,0xFF,0xFF,0xFF,0xFF,0xFF,0xFF,0xFF,0xFF,0xFF,0xFF,0xFF,0xFF,
    0xFF,0xFF,0xFF,0xFF,0xFF,0xFF,0xFF,0xFF,0xFF,0xFF,0xFF,0xFF,0xFF,0xFF,0xFF,0xFF,0xFF,0xFF,0xFF,0xFF,0xFF,0xFF,0xFF,0xFF,
    0xFF,0xFF,0xFF,0xFF,0xFF,0xFF,0xFF,0xFF,0xFF,0xFF,0xFF,0xFF,0xFF,0xFF,0x00,0x00,0x00,0x00,0xFF,0xFF,0xFF,0xFF,0xFF,0xFF,
    0xFF,0xFF,0xFF,0xFF,0xFF,0xFF,0xFF,0xFF,0xFF,0xFF,0xFF,0xFF,0xFF,0xFF,0xFF,0xFF,0x00,0x00,0x00,0x00,0xFF,0xFF,0xFF,0xFF,
    0xFF,0xFF,0xFF,0xFF,0xFF,0xFF,0xFF,0xFF,0xFF,0xFF,0xFF,0xFF,0xFF,0xFF,0xFF,0xFF,0xFF,0xFF,0xFF,0xFF,0xFF,0xFF,0xFF,0xFF,
    0x00,0x00,0x00,0x00,0xFF,0xFF,0xFF,0xFF,0xFF,0xFF,0xFF,0xFF,0xFF,0xFF,0xFF,0xFF,0xFF,0xFF,0xFF,0xFF,0xFF,0xFF,0xFF,0xFF,
    0xFF,0xFF,0xFF,0xFF,0xFF,0xFF,0xFF,0xFF,0xFF,0xFF,0xFF,0xFF,0xFF,0xFF,0xFF,0xFF,0xFF,0x00,0x00,0x00,0x00,0xFF,0xFF,0xFF,
    0xFF,0xFF,0xFF,0xFF,0xFF,0xFF,0xFF,0xFF,0xFF,0xFF,0xFF,0xFF,0xFF,0xFF,0xFF,0xFF,0xFF,0xFF,0xFF,0xFF,0xFF,0xFF,0xFF,0xFF,
    0xFF,0xFF,0xFF,0xFF,0xFF,0xFF,0xFF,0xFF,0xFF,0xFF,0xFF,0xFF,0xFF,0xFF,0xFF,0xFF,0xFF,0xFF,0xFF,0x00,0x00,0x00,0x00,0xFF,
    0xFF,0xFF,0x00,0x00,0x00,0x00,0xFF,0xFF,0xFF,0xFF,0xFF,0xFF,0xFF,0xFF,0xFF,0xFF,0xFF,0xFF,0xFF,0xFF,0xFF,0x00,0x00,0x00,
    0x00,0xFF,0xFF,0xFF,0xFF,0xFF,0xFF,0xFF,0xFF,0xFF,0x00,0x00,0x00,0x00,0xFF,0xFF,0xFF,0xFF,0xFF,0xFF,0x00,0x00,0x00,0x00,
    0xFF,0xFF,0xFF,0xFF,0xFF,0xFF,0x00,0x00,0x00,0x00,0xFF,0xFF,0xFF,0xFF,0xFF,0xFF,0x00,0x00,0x00,0x00,0xFF,0xFF,0xFF,0xFF,
    0xFF,0xFF,0x00,0x00,0x00,0x00,0xFF,0xFF,0xFF,0xFF,0x00,0x00,0x00,0x00,0xFF,0xFF,0xFF,0xFF,0xFF,0xFF,0xFF,0xFF,0xFF,0x00,
    0x00,0x00,0x00,0xFF,0xFF,0xFF,0xFF,0xFF,0xFF,0x00,0x00,0x00,0x00,0xFF,0xFF,0xFF,0xFF,0xFF,0xFF,0xFF,0xFF,0xFF,0xFF,0xFF,
    0xFF,0xFF,0xFF,0xFF,0xFF,0xFF,0xFF,0xFF,0xFF,0xFF,0xFF,0xFF,0xFF,0xFF,0xFF,0xFF,0xFF,0xFF,0xFF,0xFF,0xFF,0xFF,0xFF,0xFF,
    0xFF,0xFF,0xFF,0xFF,0xFF,0xFF,0xFF,0xFF,0xFF,0xFF,0xFF,0xFF,0xFF,0xFF,0xFF,0xFF,0xFF,0xFF,
};
static const U8 DialogueUpdateUnwind[] = {
    0x11,0x30,0x11,0x00,0x30,0x78,0x43,0x00,0x2B,0x68,0x44,0x00,0x26,0x74,0x93,0x00,0x26,0x64,0x92,0x00,0x26,0x34,0x91,0x00,
    0x26,0x01,0x8A,0x00,0x18,0xF0,0x16,0xE0,0x14,0xD0,0x12,0xC0,0x10,0x50,
};
static const DialogueRef DialogueUpdateRefs[] = {
    {93,97,6,0},
    {132,136,42,1},
    {145,149,43,0},
    {156,160,44,0},
    {164,168,45,1},
    {208,212,46,0},
    {282,286,47,1},
    {300,304,45,1},
    {325,329,48,1},
    {331,335,49,0},
    {366,370,50,0},
    {377,381,51,0},
    {437,441,52,1},
    {447,451,53,0},
    {459,463,54,1},
    {484,488,55,1},
    {508,512,48,1},
    {514,518,56,0},
    {524,528,8,0},
    {537,541,17,1},
    {547,551,54,1},
    {565,569,57,1},
    {588,592,58,1},
    {700,704,58,1},
    {766,770,58,1},
    {801,805,59,0},
    {851,855,60,1},
    {989,994,61,0},
    {1028,1032,62,1},
    {1040,1044,63,1},
    {1094,1098,62,1},
    {1106,1110,63,1},
    {1174,1178,64,0},
    {1185,1189,65,1},
    {1218,1222,66,1},
    {1257,1261,67,1},
    {1280,1284,66,1},
    {1307,1311,68,0},
    {1315,1319,69,1},
    {1368,1372,6,0},
    {1392,1396,70,1},
    {1423,1427,48,1},
    {1429,1433,71,0},
    {1474,1478,39,1},
    {1481,1485,40,1},
    {1502,1506,72,1},
    {1515,1519,54,1},
    {1525,1529,73,1},
    {1535,1539,54,1},
    {1545,1549,54,1},
    {1555,1559,54,1},
    {1563,1567,8,0},
    {1576,1580,17,1},
    {1586,1590,54,1},
    {1644,1648,74,0},
    {1667,1671,75,1},
    {1679,1683,76,1},
    {1695,1699,77,1},
    {1709,1713,78,1},
    {1814,1818,79,1},
    {1840,1844,58,1},
    {1872,1876,6,0},
    {1913,1917,80,1},
    {1963,1967,39,1},
    {1970,1974,40,1},
    {1989,1993,72,1},
    {2002,2006,54,1},
    {2012,2016,73,1},
    {2022,2026,54,1},
    {2032,2036,54,1},
    {2042,2046,54,1},
    {2050,2054,8,0},
    {2063,2067,17,1},
    {2073,2077,54,1},
};
static const DialoguePattern DialogueUpdatePattern = {{DialogueUpdateBytes,DialogueUpdateMask,sizeof(DialogueUpdateBytes),nullptr,0},DialogueUpdateRefs,sizeof(DialogueUpdateRefs)/sizeof(DialogueRef),DialogueUpdateUnwind,sizeof(DialogueUpdateUnwind)};
static const U8 DialogueAdvanceBytes[] = {
    0x48,0x89,0x54,0x24,0x10,0x48,0x89,0x4C,0x24,0x08,0x55,0x53,0x56,0x57,0x41,0x54,0x41,0x55,0x41,0x56,0x41,0x57,0x48,0x8D,
    0xAC,0x24,0x78,0xFF,0xFF,0xFF,0x48,0x81,0xEC,0x88,0x01,0x00,0x00,0x48,0x8B,0xFA,0x4C,0x8B,0xF1,0x33,0xF6,0x89,0x75,0x08,
    0x48,0x8D,0x59,0x04,0x48,0x8B,0xCB,0xE8,0x24,0xBF,0x00,0x00,0x41,0x8B,0x56,0x08,0x4C,0x8D,0x2C,0xD2,0x49,0xC1,0xE5,0x04,
    0x4C,0x03,0xA8,0x20,0x01,0x00,0x00,0x4C,0x89,0x6D,0x00,0x49,0x8B,0xCE,0xE8,0xB5,0x23,0x00,0x00,0x4C,0x8B,0xF8,0x48,0x85,
    0xC0,0x0F,0x84,0x12,0x12,0x00,0x00,0xC7,0x85,0xE8,0x00,0x00,0x00,0xFF,0xFF,0xFF,0xFF,0x41,0x0F,0xBE,0x4E,0x5C,0x48,0x8B,
    0xD3,0x80,0xF9,0xFF,0x0F,0x8E,0x1A,0x11,0x00,0x00,0x8D,0x41,0x01,0x41,0x3B,0x47,0x68,0x0F,0x82,0x09,0x11,0x00,0x00,0xBB,
    0x01,0x00,0x00,0x00,0x41,0xBA,0xFF,0xFF,0x00,0x00,0x41,0xBB,0xFD,0x01,0x00,0x00,0x66,0x45,0x39,0x57,0x04,0x75,0x1D,0x66,
    0x45,0x39,0x57,0x30,0x75,0x16,0x41,0x39,0x77,0x28,0x75,0x10,0x41,0x39,0x77,0x18,0x75,0x0A,0x41,0x38,0x77,0x38,0x0F,0x84,
    0x82,0x01,0x00,0x00,0x45,0x0F,0xB6,0x06,0x41,0x80,0xF8,0x02,0x75,0x10,0x41,0x38,0x76,0x3C,0x0F,0x84,0x6E,0x01,0x00,0x00,
    0x44,0x0F,0xB6,0xCB,0xEB,0x03,0x45,0x32,0xC9,0x4D,0x8D,0x66,0x68,0x41,0x0F,0xB7,0x4E,0x66,0x41,0x0F,0xB7,0x46,0x64,0x49,
    0x8B,0xDC,0x49,0x8B,0x56,0x04,0x48,0x89,0x55,0xD0,0x41,0x8B,0x56,0x58,0x89,0x55,0xD8,0x41,0x8B,0x56,0x30,0x89,0x55,0xDC,
    0x66,0x89,0x4D,0xE0,0x66,0x89,0x45,0xE2,0x44,0x88,0x4D,0xE4,0x41,0x80,0xF8,0x01,0x0F,0x94,0x45,0xE5,0x8B,0x4B,0x08,0x8B,
    0x43,0x0C,0x3B,0xC1,0x0F,0x87,0xF4,0x00,0x00,0x00,0x8D,0x3C,0x45,0x01,0x00,0x00,0x00,0x03,0xF8,0xD1,0xEF,0x83,0xFF,0x01,
    0xBA,0x01,0x00,0x00,0x00,0x0F,0x42,0xFA,0x3B,0xCF,0x0F,0x47,0xF9,0x3B,0xF8,0x0F,0x86,0xCA,0x00,0x00,0x00,0x8D,0x0C,0x7F,
    0xC1,0xE1,0x03,0x45,0x8B,0xEB,0x65,0x48,0x8B,0x04,0x25,0x58,0x00,0x00,0x00,0x48,0x8B,0x10,0x42,0x38,0x34,0x1A,0xBA,0x04,
    0x00,0x00,0x00,0x74,0x07,0xE8,0x66,0xA2,0x23,0x04,0xEB,0x05,0xE8,0x97,0xA1,0x23,0x04,0x48,0x8B,0xF0,0x48,0x85,0xC0,0x75,
    0x1B,0xE8,0x2A,0x37,0xD6,0x00,0x45,0x33,0xC9,0x45,0x33,0xC0,0xBA,0x01,0x00,0x00,0x00,0xB9,0x02,0x00,0x00,0xA0,0xFF,0x15,
    0x6C,0x59,0xC3,0x04,0x33,0xC0,0x8B,0xD0,0x39,0x43,0x08,0x76,0x37,0x66,0x66,0x66,0x0F,0x1F,0x84,0x00,0x00,0x00,0x00,0x00,
    0x8B,0xC2,0x48,0x8D,0x0C,0x40,0x48,0x8B,0x03,0xC5,0xF8,0x10,0x04,0xC8,0xC5,0xF8,0x11,0x04,0xCE,0xC5,0xFB,0x10,0x4C,0xC8,
    0x10,0xC5,0xFB,0x11,0x4C,0xCE,0x10,0xFF,0xC2,0x3B,0x53,0x08,0x72,0xDA,0x41,0xBD,0xFD,0x01,0x00,0x00,0x49,0x8B,0x0C,0x24,
    0x48,0x85,0xC9,0x74,0x1F,0x65,0x48,0x8B,0x04,0x25,0x58,0x00,0x00,0x00,0x48,0x8B,0x10,0x42,0x80,0x3C,0x2A,0x00,0x74,0x07,
    0xE8,0x1F,0xAB,0x23,0x04,0xEB,0x05,0xE8,0x18,0xAA,0x23,0x04,0x49,0x89,0x34,0x24,0x89,0x7B,0x0C,0x4C,0x8B,0x6D,0x00,0x33,
    0xF6,0x41,0xBA,0xFF,0xFF,0x00,0x00,0x48,0x8B,0xBD,0xD8,0x00,0x00,0x00,0x8B,0x43,0x08,0x48,0x8D,0x0C,0x40,0x49,0x8B,0x04,
    0x24,0xC5,0xF8,0x10,0x45,0xD0,0xC5,0xF8,0x11,0x04,0xC8,0xC5,0xFB,0x10,0x4D,0xE0,0xC5,0xFB,0x11,0x4C,0xC8,0x10,0xFF,0x43,
    0x08,0xBB,0x01,0x00,0x00,0x00,0x45,0x0F,0xB7,0x46,0x78,0x66,0x45,0x3B,0xC2,0x0F,0x84,0x88,0x00,0x00,0x00,0x41,0x8B,0x55,
    0x70,0x8B,0xCE,0x85,0xD2,0x74,0x17,0x4D,0x8B,0x4D,0x68,0x8B,0xC1,0x48,0xC1,0xE0,0x07,0x66,0x46,0x39,0x04,0x08,0x74,0x0B,
    0xFF,0xC1,0x3B,0xCA,0x72,0xED,0xB9,0xFF,0xFF,0xFF,0xFF,0x89,0x8D,0xE8,0x00,0x00,0x00,0x83,0xF9,0xFF,0x74,0x52,0x48,0x8D,
    0x57,0x08,0x48,0x85,0xFF,0x48,0x0F,0x44,0xD6,0x41,0xB0,0x01,0x48,0x8B,0x12,0x48,0x8D,0x4D,0xD0,0xE8,0x70,0xDD,0xDD,0xFF,
    0x90,0x48,0x89,0x7D,0xE0,0x89,0x5D,0x08,0x49,0x8D,0x56,0x04,0x48,0x8B,0x4F,0x68,0x45,0x0F,0xB7,0x46,0x78,0x48,0x8B,0x89,
    0xF8,0x00,0x00,0x00,0xE8,0x4F,0x7E,0x50,0x01,0x8B,0xC3,0x83,0xE0,0xFE,0x89,0x45,0x08,0x48,0x8D,0x4D,0xD0,0xE8,0xFE,0xE2,
    0xDD,0xFF,0x41,0xBA,0xFF,0xFF,0x00,0x00,0x66,0x45,0x89,0x56,0x78,0x41,0x83,0x7F,0x48,0x00,0x0F,0x84,0x7C,0x0A,0x00,0x00,
    0x41,0xC6,0x46,0x5D,0x01,0x48,0x89,0x74,0x24,0x60,0x48,0xC7,0x44,0x24,0x68,0x00,0x00,0x00,0x00,0x45,0x8B,0x67,0x48,0x8B,
    0x54,0x24,0x6C,0x44,0x3B,0xE2,0x0F,0x86,0xFF,0x00,0x00,0x00,0x41,0x6B,0xCC,0x58,0xBB,0xFD,0x01,0x00,0x00,0x65,0x48,0x8B,
    0x04,0x25,0x58,0x00,0x00,0x00,0x48,0x8B,0x10,0x80,0x3C,0x13,0x00,0xBA,0x08,0x00,0x00,0x00,0x74,0x07,0xE8,0xA7,0xA0,0x23,
    0x04,0xEB,0x05,0xE8,0xD8,0x9F,0x23,0x04,0x48,0x8B,0xF0,0x48,0x85,0xC0,0x75,0x1B,0xE8,0x6B,0x35,0xD6,0x00,0x45,0x33,0xC9,
    0x45,0x33,0xC0,0xBA,0x01,0x00,0x00,0x00,0xB9,0x02,0x00,0x00,0xA0,0xFF,0x15,0xAD,0x57,0xC3,0x04,0x33,0xC0,0x8B,0xF8,0x39,
    0x44,0x24,0x68,0x76,0x72,0x66,0x66,0x66,0x0F,0x1F,0x84,0x00,0x00,0x00,0x00,0x00,0x8B,0xC7,0x4C,0x6B,0xD0,0x58,0x48,0x8B,
    0x54,0x24,0x60,0x49,0x03,0xD2,0x4A,0x8D,0x0C,0x16,0xE8,0x19,0xCC,0x00,0x00,0x48,0x8B,0x5C,0x24,0x60,0x49,0x03,0xDA,0x48,
    0x89,0x9D,0xE0,0x00,0x00,0x00,0x48,0x8D,0x4B,0x40,0xE8,0xD1,0xF3,0xDD,0xFF,0x90,0x48,0x8D,0x4B,0x30,0xE8,0xC7,0xF3,0xDD,
    0xFF,0x90,0x48,0x89,0x5D,0x10,0x48,0x8D,0x4B,0x18,0xE8,0xB9,0xF3,0xDD,0xFF,0x90,0x48,0x8D,0x4B,0x08,0xE8,0x8F,0xC4,0xDD,
    0xFF,0x90,0x48,0x8B,0xCB,0xE8,0xA6,0xF3,0xDD,0xFF,0xFF,0xC7,0x3B,0x7C,0x24,0x68,0x72,0x9E,0xBB,0xFD,0x01,0x00,0x00,0x48,
    0x8B,0x4C,0x24,0x60,0x48,0x85,0xC9,0x74,0x1E,0x65,0x48,0x8B,0x04,0x25,0x58,0x00,0x00,0x00,0x48,0x8B,0x10,0x80,0x3C,0x13,
    0x00,0x74,0x07,0xE8,0x24,0xA9,0x23,0x04,0xEB,0x05,0xE8,0x1D,0xA8,0x23,0x04,0x48,0x89,0x74,0x24,0x60,0x41,0x8B,0xD4,0x89,
    0x54,0x24,0x6C,0x41,0x0F,0xB6,0x4D,0x02,0x85,0xC9,0x0F,0x84,0xE9,0x04,0x00,0x00,0x83,0xF9,0x01,0x0F,0x85,0x2C,0x09,0x00,
    0x00,0x45,0x8B,0x67,0x48,0x44,0x3B,0xE2,0x0F,0x86,0x07,0x01,0x00,0x00,0x41,0x6B,0xCC,0x58,0xBB,0xFD,0x01,0x00,0x00,0x65,
    0x48,0x8B,0x04,0x25,0x58,0x00,0x00,0x00,0x4C,0x8B,0x00,0xBA,0x08,0x00,0x00,0x00,0x42,0x80,0x3C,0x03,0x00,0x74,0x07,0xE8,
    0x84,0x9F,0x23,0x04,0xEB,0x05,0xE8,0xB5,0x9E,0x23,0x04,0x48,0x8B,0xF0,0x48,0x85,0xC0,0x75,0x1B,0xE8,0x48,0x34,0xD6,0x00,
    0x45,0x33,0xC9,0x45,0x33,0xC0,0xBA,0x01,0x00,0x00,0x00,0xB9,0x02,0x00,0x00,0xA0,0xFF,0x15,0x8A,0x56,0xC3,0x04,0x45,0x33,
    0xED,0x41,0x8B,0xFD,0x44,0x39,0x6C,0x24,0x68,0x76,0x6C,0x0F,0x1F,0x44,0x00,0x00,0x8B,0xC7,0x4C,0x6B,0xD0,0x58,0x48,0x8B,
    0x54,0x24,0x60,0x49,0x03,0xD2,0x49,0x8D,0x0C,0x32,0xE8,0xF9,0xCA,0x00,0x00,0x48,0x8B,0x5C,0x24,0x60,0x49,0x03,0xDA,0x48,
    0x89,0x9D,0xE0,0x00,0x00,0x00,0x48,0x8D,0x4B,0x40,0xE8,0xB1,0xF2,0xDD,0xFF,0x90,0x48,0x8D,0x4B,0x30,0xE8,0xA7,0xF2,0xDD,
    0xFF,0x90,0x48,0x89,0x5D,0x00,0x48,0x8D,0x4B,0x18,0xE8,0x99,0xF2,0xDD,0xFF,0x90,0x48,0x8D,0x4B,0x08,0xE8,0x6F,0xC3,0xDD,
    0xFF,0x90,0x48,0x8B,0xCB,0xE8,0x86,0xF2,0xDD,0xFF,0xFF,0xC7,0x3B,0x7C,0x24,0x68,0x72,0x9E,0xBB,0xFD,0x01,0x00,0x00,0x48,
    0x8B,0x4C,0x24,0x60,0x48,0x85,0xC9,0x74,0x28,0x65,0x48,0x8B,0x04,0x25,0x58,0x00,0x00,0x00,0x48,0x8B,0x10,0x80,0x3C,0x13,
    0x00,0x74,0x11,0xE8,0x04,0xA8,0x23,0x04,0x48,0x89,0x74,0x24,0x60,0x44,0x89,0x64,0x24,0x6C,0xEB,0x14,0xE8,0xF3,0xA6,0x23,
    0x04,0x48,0x89,0x74,0x24,0x60,0x44,0x89,0x64,0x24,0x6C,0xEB,0x03,0x45,0x33,0xED,0x4C,0x89,0x6D,0xF0,0x48,0xC7,0x45,0xF8,
    0x00,0x00,0x00,0x00,0x49,0x8B,0x77,0x40,0x41,0x8B,0x47,0x48,0x48,0x8D,0x0C,0x80,0x4C,0x8D,0x24,0xCE,0x49,0x3B,0xF4,0x0F,
    0x84,0xF4,0x01,0x00,0x00,0x48,0x8D,0x1D,0x9C,0xFD,0x4A,0x06,0x41,0xBF,0xFF,0xFF,0xFF,0xFF,0x41,0xBE,0xFF,0xFF,0x00,0x00,
    0x48,0x8D,0x4E,0x0E,0x66,0x44,0x39,0x31,0x74,0x22,0xE8,0x11,0xBB,0x00,0x00,0x4C,0x89,0x6D,0xD0,0x48,0x8D,0x4D,0xF0,0x48,
    0x89,0x4D,0xD8,0x48,0x8D,0x55,0xD0,0x48,0x8B,0xC8,0xE8,0xB9,0xDB,0x25,0x01,0xE9,0xA1,0x01,0x00,0x00,0x83,0x7E,0x18,0x00,
    0x74,0x12,0x48,0x8D,0x56,0x10,0x48,0x8D,0x4D,0xF0,0xE8,0x41,0xED,0xFF,0xFF,0xE9,0x89,0x01,0x00,0x00,0x48,0x8D,0x44,0x24,
    0x70,0x48,0x89,0x45,0x00,0x4C,0x89,0x6C,0x24,0x70,0x48,0x89,0x5C,0x24,0x70,0x4C,0x89,0x6C,0x24,0x78,0x66,0x44,0x89,0x75,
    0x80,0xC7,0x45,0x84,0xFF,0xFF,0xFF,0xFF,0x4C,0x89,0x6D,0x88,0x48,0x89,0x5D,0x88,0xB8,0x02,0x00,0x00,0x00,0x4C,0x89,0x6D,
    0x90,0x48,0x83,0xE8,0x01,0x75,0xF6,0x44,0x89,0x6D,0x94,0xC7,0x45,0x98,0xFF,0xFF,0xFF,0xFF,0x66,0xC7,0x45,0x9C,0x02,0x00,
    0x4C,0x89,0x6D,0xA0,0x48,0x89,0x5D,0xA0,0x89,0x45,0xA8,0x88,0x45,0xAC,0x4C,0x89,0x6D,0xB0,0x48,0x89,0x5D,0xB0,0x48,0xC7,
    0x45,0xB8,0xFF,0xFF,0xFF,0xFF,0x88,0x45,0xC0,0x48,0x8D,0x4E,0x08,0xE8,0x16,0x34,0xDD,0xFF,0x48,0x8B,0x48,0x18,0x48,0x8B,
    0x01,0x33,0xD2,0xFF,0x50,0x08,0x48,0x8B,0xD0,0x48,0x8D,0x4D,0xA0,0xE8,0xFE,0x02,0xE2,0xFF,0x48,0x8B,0x7D,0xB0,0x48,0x8B,
    0x0E,0x48,0x89,0x4D,0xB0,0x48,0x3B,0xCB,0x74,0x0B,0x8B,0x41,0x10,0x85,0xC0,0x78,0x04,0xF0,0xFF,0x41,0x10,0x48,0x3B,0xFB,
    0x74,0x49,0x8B,0x47,0x10,0x85,0xC0,0x78,0x42,0x41,0x8B,0xC7,0xF0,0x0F,0xC1,0x47,0x10,0x83,0xF8,0x01,0x75,0x35,0x48,0x85,
    0xFF,0x74,0x30,0x48,0x8B,0xCF,0xE8,0x1D,0xA7,0xE6,0x00,0x41,0xB8,0xFD,0x01,0x00,0x00,0x65,0x48,0x8B,0x04,0x25,0x58,0x00,
    0x00,0x00,0x48,0x8B,0x10,0x48,0x8B,0xCF,0x41,0x80,0x3C,0x10,0x00,0x74,0x07,0xE8,0x78,0xA6,0x23,0x04,0xEB,0x05,0xE8,0x71,
    0xA5,0x23,0x04,0x66,0xC7,0x45,0xA8,0x01,0x01,0xC6,0x45,0xAA,0x01,0x8B,0x4C,0x24,0x6C,0x8B,0x44,0x24,0x68,0x3B,0xC8,0x77,
    0x29,0x8D,0x14,0x4D,0x01,0x00,0x00,0x00,0x03,0xD1,0xD1,0xEA,0x83,0xFA,0x01,0xB9,0x01,0x00,0x00,0x00,0x0F,0x42,0xD1,0x3B,
    0xC2,0x0F,0x47,0xD0,0x48,0x8D,0x4C,0x24,0x60,0xE8,0xEA,0xBA,0x00,0x00,0x8B,0x44,0x24,0x68,0x48,0x6B,0xC8,0x58,0x48,0x03,
    0x4C,0x24,0x60,0x48,0x8D,0x54,0x24,0x70,0xE8,0x83,0xC9,0x00,0x00,0xFF,0x44,0x24,0x68,0x48,0x8D,0x4D,0xB0,0xE8,0x66,0xF0,
    0xDD,0xFF,0x90,0x48,0x8D,0x4D,0xA0,0xE8,0x5C,0xF0,0xDD,0xFF,0x90,0x48,0x8D,0x44,0x24,0x70,0x48,0x89,0x45,0x10,0x48,0x8D,
    0x4D,0x88,0xE8,0x49,0xF0,0xDD,0xFF,0x90,0x48,0x8D,0x4C,0x24,0x78,0xE8,0x1E,0xC1,0xDD,0xFF,0x90,0x48,0x8D,0x4C,0x24,0x70,
    0xE8,0x33,0xF0,0xDD,0xFF,0x48,0x83,0xC6,0x28,0x49,0x3B,0xF4,0x0F,0x85,0x26,0xFE,0xFF,0xFF,0x4C,0x8B,0xB5,0xD0,0x00,0x00,
    0x00,0x48,0x8B,0x05,0x18,0x34,0x7B,0x06,0x83,0x7D,0xF8,0x00,0x75,0x2E,0x48,0x8B,0x88,0x80,0x00,0x00,0x00,0x48,0x8D,0x44,
    0x24,0x60,0x48,0x89,0x44,0x24,0x20,0x45,0x8B,0x4E,0x1C,0x45,0x8B,0x46,0x08,0x41,0x8B,0x56,0x04,0x48,0x8B,0x89,0x38,0x09,
    0x00,0x00,0xE8,0x09,0xC1,0x00,0x00,0xE9,0x27,0x01,0x00,0x00,0x45,0x89,0x6E,0x60,0x48,0x8B,0x88,0x80,0x00,0x00,0x00,0x4C,
    0x8B,0xB9,0x40,0x09,0x00,0x00,0x45,0x8B,0x6E,0x08,0x44,0x89,0x6D,0x10,0x41,0x8B,0x7E,0x1C,0x89,0xBD,0xE0,0x00,0x00,0x00,
    0x41,0x8B,0x76,0x04,0x89,0x75,0x00,0x41,0x80,0x7F,0x1A,0x00,0x74,0x2E,0x49,0x8D,0x57,0x40,0x48,0x8D,0x45,0xF0,0x48,0x89,
    0x44,0x24,0x28,0x48,0x8D,0x85,0xE0,0x00,0x00,0x00,0x48,0x89,0x44,0x24,0x20,0x4C,0x8D,0x4D,0x10,0x4C,0x8D,0x45,0x00,0xE8,
    0xAC,0xDE,0x00,0x00,0x45,0x33,0xED,0xE9,0xC7,0x00,0x00,0x00,0x48,0x8B,0x1D,0xDD,0x04,0x7C,0x06,0x48,0x89,0x9D,0xE0,0x00,
    0x00,0x00,0x48,0x8B,0x03,0x48,0x8B,0xCB,0xFF,0x50,0x08,0x90,0x89,0x75,0xD0,0x44,0x89,0x6D,0xD4,0x89,0x7D,0xD8,0x45,0x33,
    0xED,0x4C,0x89,0x6D,0xE0,0x4C,0x89,0x6D,0xE8,0x48,0x8D,0x55,0xF0,0x48,0x8D,0x4D,0xE0,0xE8,0x5A,0xE2,0xE7,0xFF,0x90,0x41,
    0x8B,0x57,0x28,0x41,0x39,0x57,0x2C,0x77,0x09,0x49,0x8D,0x4F,0x20,0xE8,0x66,0xE7,0x00,0x00,0x41,0x8B,0x57,0x28,0x48,0xC1,
    0xE2,0x05,0x49,0x03,0x57,0x20,0x48,0x89,0x55,0x00,0x8B,0x45,0xD0,0x89,0x02,0x8B,0x45,0xD4,0x89,0x42,0x04,0x8B,0x45,0xD8,
    0x89,0x42,0x08,0x48,0x8B,0x45,0xE0,0x48,0x89,0x42,0x10,0x4C,0x89,0x6D,0xE0,0x8B,0x45,0xE8,0x89,0x42,0x18,0x44,0x89,0x6D,
    0xE8,0x8B,0x45,0xEC,0x89,0x42,0x1C,0x44,0x89,0x6D,0xEC,0x41,0xFF,0x47,0x28,0x4C,0x89,0x6D,0xE0,0x4C,0x89,0x6D,0xE8,0x41,
    0x80,0x7F,0x18,0x00,0x75,0x1B,0x4C,0x89,0x7D,0xD0,0x41,0x8B,0x47,0x28,0xFF,0xC8,0x89,0x45,0xD8,0x48,0x8D,0x55,0xD0,0x49,
    0x8B,0x4F,0x10,0xE8,0xB8,0x41,0xDD,0xFF,0x90,0x48,0x8B,0x03,0x48,0x8B,0xCB,0xFF,0x50,0x10,0x90,0x48,0x8B,0x4D,0xF0,0x48,
    0x85,0xC9,0x74,0x34,0x41,0xB8,0xFD,0x01,0x00,0x00,0x65,0x48,0x8B,0x04,0x25,0x58,0x00,0x00,0x00,0x48,0x8B,0x10,0x41,0x80,
    0x3C,0x10,0x00,0x74,0x16,0xE8,0x42,0xA4,0x23,0x04,0x4C,0x89,0x6D,0xF0,0x48,0xC7,0x45,0xF8,0x00,0x00,0x00,0x00,0xE9,0x62,
    0x04,0x00,0x00,0xE8,0x2C,0xA3,0x23,0x04,0x4C,0x89,0x6D,0xF0,0x48,0xC7,0x45,0xF8,0x00,0x00,0x00,0x00,0xE9,0x4C,0x04,0x00,
    0x00,0x49,0x8B,0x77,0x40,0x41,0x8B,0x47,0x48,0x48,0x8D,0x0C,0x80,0x4C,0x8D,0x24,0xCE,0x48,0x8D,0x1D,0xE8,0xF9,0x4A,0x06,
    0x41,0xBF,0xFF,0xFF,0xFF,0xFF,0x49,0x3B,0xF4,0x0F,0x84,0xA9,0x01,0x00,0x00,0x41,0xBE,0xFF,0xFF,0x00,0x00,0x41,0xBD,0xFD,
    0x01,0x00,0x00,0x0F,0x1F,0x40,0x00,0x66,0x0F,0x1F,0x84,0x00,0x00,0x00,0x00,0x00,0x48,0x8D,0x45,0x20,0x48,0x89,0x45,0x10,
    0x33,0xC9,0x48,0x89,0x4D,0x20,0x48,0x89,0x5D,0x20,0x48,0x89,0x4D,0x28,0x66,0x44,0x89,0x75,0x30,0xC7,0x45,0x34,0xFF,0xFF,
    0xFF,0xFF,0x48,0x89,0x4D,0x38,0x48,0x89,0x5D,0x38,0xB8,0x02,0x00,0x00,0x00,0x90,0x48,0x89,0x4D,0x40,0x48,0x83,0xE8,0x01,
    0x75,0xF6,0x89,0x4D,0x44,0xC7,0x45,0x48,0xFF,0xFF,0xFF,0xFF,0x66,0xC7,0x45,0x4C,0x02,0x00,0x48,0x89,0x4D,0x50,0x48,0x89,
    0x5D,0x50,0x89,0x45,0x58,0x88,0x45,0x5C,0x48,0x89,0x4D,0x60,0x48,0x89,0x5D,0x60,0x48,0xC7,0x45,0x68,0xFF,0xFF,0xFF,0xFF,
    0x88,0x45,0x70,0x48,0x8D,0x4E,0x08,0xE8,0x8C,0x30,0xDD,0xFF,0x48,0x8B,0x48,0x18,0x48,0x8B,0x01,0x33,0xD2,0xFF,0x50,0x08,
    0x48,0x8B,0xD0,0x48,0x8D,0x4D,0x50,0xE8,0x74,0xFF,0xE1,0xFF,0x48,0x8B,0x7D,0x60,0x48,0x8B,0x0E,0x48,0x89,0x4D,0x60,0x48,
    0x3B,0xCB,0x74,0x0B,0x8B,0x41,0x10,0x85,0xC0,0x78,0x04,0xF0,0xFF,0x41,0x10,0x48,0x3B,0xFB,0x74,0x44,0x8B,0x47,0x10,0x85,
    0xC0,0x78,0x3D,0x41,0x8B,0xC7,0xF0,0x0F,0xC1,0x47,0x10,0x83,0xF8,0x01,0x75,0x30,0x48,0x85,0xFF,0x74,0x2B,0x48,0x8B,0xCF,
    0xE8,0x93,0xA3,0xE6,0x00,0x65,0x48,0x8B,0x04,0x25,0x58,0x00,0x00,0x00,0x48,0x8B,0x10,0x48,0x8B,0xCF,0x41,0x80,0x7C,0x15,
    0x00,0x00,0x74,0x07,0xE8,0xF3,0xA2,0x23,0x04,0xEB,0x05,0xE8,0xEC,0xA1,0x23,0x04,0xC6,0x45,0x5A,0x01,0x8B,0x4C,0x24,0x6C,
    0x8B,0x44,0x24,0x68,0x3B,0xC8,0x77,0x29,0x8D,0x14,0x4D,0x01,0x00,0x00,0x00,0x03,0xD1,0xD1,0xEA,0x83,0xFA,0x01,0xB9,0x01,
    0x00,0x00,0x00,0x0F,0x42,0xD1,0x3B,0xC2,0x0F,0x47,0xD0,0x48,0x8D,0x4C,0x24,0x60,0xE8,0x6B,0xB7,0x00,0x00,0x8B,0x44,0x24,
    0x68,0x48,0x6B,0xC8,0x58,0x48,0x03,0x4C,0x24,0x60,0x48,0x8D,0x55,0x20,0xE8,0x05,0xC6,0x00,0x00,0xFF,0x44,0x24,0x68,0x48,
    0x8D,0x4D,0x60,0xE8,0xE8,0xEC,0xDD,0xFF,0x90,0x48,0x8D,0x4D,0x50,0xE8,0xDE,0xEC,0xDD,0xFF,0x90,0x48,0x8D,0x45,0x20,0x48,
    0x89,0x45,0xF0,0x48,0x8D,0x4D,0x38,0xE8,0xCC,0xEC,0xDD,0xFF,0x90,0x48,0x8D,0x4D,0x28,0xE8,0xA2,0xBD,0xDD,0xFF,0x90,0x48,
    0x8D,0x4D,0x20,0xE8,0xB8,0xEC,0xDD,0xFF,0x48,0x83,0xC6,0x28,0x49,0x3B,0xF4,0x0F,0x85,0x7B,0xFE,0xFF,0xFF,0x4C,0x8B,0xB5,
    0xD0,0x00,0x00,0x00,0x4C,0x8B,0x6D,0x00,0x41,0x83,0x7D,0x70,0x00,0x0F,0x84,0xD0,0x01,0x00,0x00,0x45,0x33,0xED,0x41,0x80,
    0x3E,0x01,0x0F,0x85,0xC6,0x01,0x00,0x00,0x48,0x8D,0x44,0x24,0x70,0x48,0x89,0x85,0xE0,0x00,0x00,0x00,0x4C,0x89,0x6C,0x24,
    0x70,0x48,0x89,0x5C,0x24,0x70,0x4C,0x89,0x6C,0x24,0x78,0xB8,0xFF,0xFF,0x00,0x00,0x66,0x89,0x45,0x80,0xC7,0x45,0x84,0xFF,
    0xFF,0xFF,0xFF,0x4C,0x89,0x6D,0x88,0x48,0x89,0x5D,0x88,0x4C,0x89,0x6D,0x90,0x4C,0x89,0x6D,0x90,0x44,0x89,0x6D,0x94,0xC7,
    0x45,0x98,0xFF,0xFF,0xFF,0xFF,0x66,0xC7,0x45,0x9C,0x02,0x00,0x4C,0x89,0x6D,0xA0,0x48,0x89,0x5D,0xA0,0x44,0x89,0x6D,0xA8,
    0x44,0x88,0x6D,0xAC,0x4C,0x89,0x6D,0xB0,0x48,0x89,0x5D,0xB0,0x48,0xC7,0x45,0xB8,0xFF,0xFF,0xFF,0xFF,0x44,0x88,0x6D,0xC0,
    0x65,0x48,0x8B,0x04,0x25,0x58,0x00,0x00,0x00,0x48,0x8B,0x30,0xB9,0xEC,0x01,0x00,0x00,0x48,0x8B,0x05,0x98,0x33,0x7B,0x06,
    0x44,0x38,0x2C,0x31,0x48,0x0F,0x45,0x05,0x94,0x33,0x7B,0x06,0x48,0x8B,0x00,0x48,0x8B,0x48,0x08,0x48,0x8B,0x81,0xC0,0x01,
    0x00,0x00,0x0F,0xB7,0x88,0xBA,0x00,0x00,0x00,0x66,0x89,0x8D,0xE0,0x00,0x00,0x00,0x48,0x8D,0x8D,0xE0,0x00,0x00,0x00,0xE8,
    0x9C,0x2E,0xDD,0xFF,0x48,0x8B,0x48,0x18,0x48,0x8B,0x01,0x33,0xD2,0xFF,0x50,0x08,0x48,0x8B,0xD0,0x48,0x8D,0x4D,0xA0,0xE8,
    0x84,0xFD,0xE1,0xFF,0x48,0x8B,0x7D,0xB0,0x48,0x8B,0x0D,0x91,0x48,0x6E,0x06,0x48,0x89,0x4D,0xB0,0x48,0x3B,0xCB,0x74,0x0B,
    0x8B,0x41,0x10,0x85,0xC0,0x78,0x04,0xF0,0xFF,0x41,0x10,0x48,0x3B,0xFB,0x74,0x3A,0x8B,0x47,0x10,0x85,0xC0,0x78,0x33,0xF0,
    0x44,0x0F,0xC1,0x7F,0x10,0x41,0x83,0xFF,0x01,0x75,0x27,0x48,0x85,0xFF,0x74,0x22,0x48,0x8B,0xCF,0xE8,0xA0,0xA1,0xE6,0x00,
    0xB9,0xFD,0x01,0x00,0x00,0x80,0x3C,0x31,0x00,0x48,0x8B,0xCF,0x74,0x07,0xE8,0x09,0xA1,0x23,0x04,0xEB,0x05,0xE8,0x02,0xA0,
    0x23,0x04,0xC6,0x45,0xAA,0x01,0x8B,0x4C,0x24,0x6C,0x8B,0x44,0x24,0x68,0x3B,0xC8,0x77,0x29,0x8D,0x14,0x4D,0x01,0x00,0x00,
    0x00,0x03,0xD1,0xD1,0xEA,0x83,0xFA,0x01,0xB9,0x01,0x00,0x00,0x00,0x0F,0x42,0xD1,0x3B,0xC2,0x0F,0x47,0xD0,0x48,0x8D,0x4C,
    0x24,0x60,0xE8,0x81,0xB5,0x00,0x00,0x8B,0x44,0x24,0x68,0x48,0x6B,0xC8,0x58,0x48,0x03,0x4C,0x24,0x60,0x48,0x8D,0x54,0x24,
    0x70,0xE8,0x1A,0xC4,0x00,0x00,0xFF,0x44,0x24,0x68,0x48,0x8D,0x4D,0xB0,0xE8,0xFD,0xEA,0xDD,0xFF,0x90,0x48,0x8D,0x4D,0xA0,
    0xE8,0xF3,0xEA,0xDD,0xFF,0x90,0x48,0x8D,0x44,0x24,0x70,0x48,0x89,0x85,0xE0,0x00,0x00,0x00,0x48,0x8D,0x4D,0x88,0xE8,0xDD,
    0xEA,0xDD,0xFF,0x90,0x48,0x8D,0x4C,0x24,0x78,0xE8,0xB2,0xBB,0xDD,0xFF,0x90,0x48,0x8D,0x4C,0x24,0x70,0xE8,0xC7,0xEA,0xDD,
    0xFF,0xEB,0x03,0x45,0x33,0xED,0x48,0x8B,0x05,0xBB,0x2E,0x7B,0x06,0x48,0x8B,0x88,0x80,0x00,0x00,0x00,0x48,0x8B,0xB9,0xB0,
    0x01,0x00,0x00,0x80,0x7F,0x1A,0x00,0x74,0x10,0x48,0x8D,0x4F,0x40,0x48,0x8D,0x54,0x24,0x60,0xE8,0x89,0x72,0xE5,0xFF,0xEB,
    0x74,0x48,0x8B,0x1D,0xF0,0xFF,0x7B,0x06,0x48,0x89,0x9D,0xE0,0x00,0x00,0x00,0x48,0x8B,0x03,0x48,0x8B,0xCB,0xFF,0x50,0x08,
    0x90,0x4C,0x89,0x6D,0xF0,0x48,0xC7,0x45,0xF8,0x00,0x00,0x00,0x00,0x48,0x8D,0x54,0x24,0x60,0x48,0x8D,0x4D,0xF0,0xE8,0x05,
    0xE0,0x00,0x00,0x90,0x48,0x8D,0x4F,0x20,0x48,0x8D,0x55,0xF0,0xE8,0x27,0xCF,0x00,0x00,0x90,0x48,0x8D,0x4D,0xF0,0xE8,0xED,
    0xC4,0x00,0x00,0x80,0x7F,0x18,0x00,0x75,0x1A,0x48,0x89,0x7D,0xD0,0x8B,0x47,0x28,0xFF,0xC8,0x89,0x45,0xD8,0x48,0x8D,0x55,
    0xD0,0x48,0x8B,0x4F,0x10,0xE8,0x1E,0x3D,0xDD,0xFF,0x90,0x48,0x8B,0x03,0x48,0x8B,0xCB,0xFF,0x50,0x10,0x90,0x48,0x8D,0x4C,
    0x24,0x60,0xE8,0xB9,0xC4,0x00,0x00,0x49,0x8D,0x5E,0x04,0x49,0x8D,0x56,0x04,0xE9,0x3E,0x04,0x00,0x00,0x41,0x83,0x7D,0x70,
    0x00,0x0F,0x84,0x03,0x04,0x00,0x00,0x66,0x45,0x39,0x56,0x66,0x0F,0x85,0xF8,0x03,0x00,0x00,0x41,0x80,0x3E,0x01,0x0F,0x85,
    0xF9,0x03,0x00,0x00,0x41,0xC6,0x46,0x5D,0x01,0x41,0x0F,0xB6,0x4D,0x02,0x85,0xC9,0x0F,0x84,0x86,0x02,0x00,0x00,0x83,0xF9,
    0x01,0x0F,0x85,0xEF,0x03,0x00,0x00,0x48,0x89,0x74,0x24,0x60,0x48,0xC7,0x44,0x24,0x68,0x00,0x00,0x00,0x00,0x41,0x8B,0x55,
    0x70,0x48,0x8D,0x4C,0x24,0x60,0xE8,0x15,0xB4,0x00,0x00,0x48,0x8D,0x57,0x08,0x48,0x85,0xFF,0x48,0x0F,0x44,0xD6,0x48,0x8B,
    0x12,0x48,0x8D,0x8D,0xE0,0x00,0x00,0x00,0xE8,0xDB,0xD9,0xDD,0xFF,0x90,0x49,0x8B,0x7D,0x68,0x45,0x8B,0x7D,0x70,0x49,0xC1,
    0xE7,0x07,0x4C,0x03,0xFF,0x49,0x3B,0xFF,0x0F,0x84,0xD7,0x01,0x00,0x00,0x4D,0x8D,0x66,0x04,0x48,0x8D,0x1D,0x07,0xF5,0x4A,
    0x06,0x4C,0x8B,0xB5,0xD8,0x00,0x00,0x00,0x48,0x8D,0x44,0x24,0x70,0x48,0x89,0x45,0xF0,0x48,0x89,0x74,0x24,0x70,0x48,0x89,
    0x5C,0x24,0x70,0x48,0x89,0x74,0x24,0x78,0xB9,0xFF,0xFF,0x00,0x00,0x66,0x89,0x4D,0x80,0xC7,0x45,0x84,0xFF,0xFF,0xFF,0xFF,
    0x48,0x89,0x75,0x88,0x48,0x89,0x5D,0x88,0xB8,0x02,0x00,0x00,0x00,0x48,0x89,0x75,0x90,0x48,0x83,0xE8,0x01,0x75,0xF6,0x89,
    0x75,0x94,0xC7,0x45,0x98,0xFF,0xFF,0xFF,0xFF,0x66,0xC7,0x45,0x9C,0x02,0x00,0x48,0x89,0x75,0xA0,0x48,0x89,0x5D,0xA0,0x89,
    0x45,0xA8,0x88,0x45,0xAC,0x48,0x89,0x75,0xB0,0x48,0x89,0x5D,0xB0,0x48,0xC7,0x45,0xB8,0xFF,0xFF,0xFF,0xFF,0x88,0x45,0xC0,
    0x0F,0xB7,0x07,0x66,0x89,0x45,0xBC,0x48,0x8B,0x0D,0x6A,0x4F,0x74,0x06,0x48,0x89,0x4D,0xB0,0x48,0x3B,0xCB,0x74,0x0B,0x8B,
    0x41,0x10,0x85,0xC0,0x78,0x04,0xF0,0xFF,0x41,0x10,0xC6,0x45,0xA8,0x01,0xC6,0x45,0xAA,0x01,0x0F,0xB7,0x07,0x48,0x8D,0x14,
    0x40,0x49,0x8B,0x46,0x68,0x48,0x8B,0x88,0x50,0x01,0x00,0x00,0x48,0x8B,0x41,0x18,0x8B,0x34,0xD0,0x83,0xFE,0x01,0x7C,0x6C,
    0x48,0x8B,0xCF,0xE8,0x50,0xD1,0xE7,0xFF,0x8D,0x56,0xFF,0x48,0x69,0xCA,0xE8,0x00,0x00,0x00,0x48,0x03,0x88,0x88,0x00,0x00,
    0x00,0x48,0x8D,0x55,0xD0,0xE8,0xD6,0xDC,0xE6,0x01,0x90,0x48,0x8B,0x08,0x48,0x8B,0x01,0x33,0xD2,0xFF,0x50,0x08,0x48,0x8B,
    0xD0,0x48,0x8D,0x4D,0xA0,0xE8,0x4E,0xFA,0xE1,0xFF,0x90,0x48,0x8D,0x4D,0xE8,0xE8,0x74,0xE8,0xDD,0xFF,0x49,0x8B,0x4E,0x68,
    0x44,0x0F,0xB7,0x07,0x49,0x8B,0xD4,0x48,0x8B,0x89,0xF8,0x00,0x00,0x00,0xE8,0x4D,0x75,0x50,0x01,0x88,0x45,0xAB,0x84,0xC0,
    0x74,0x06,0x80,0x7F,0x78,0x00,0x75,0x04,0xC6,0x45,0xA9,0x01,0x8B,0x4C,0x24,0x6C,0x8B,0x44,0x24,0x68,0x3B,0xC8,0x77,0x29,
    0x8D,0x14,0x4D,0x01,0x00,0x00,0x00,0x03,0xD1,0xD1,0xEA,0x83,0xFA,0x01,0xB9,0x01,0x00,0x00,0x00,0x0F,0x42,0xD1,0x3B,0xC2,
    0x0F,0x47,0xD0,0x48,0x8D,0x4C,0x24,0x60,0xE8,0x7B,0xB2,0x00,0x00,0x8B,0x44,0x24,0x68,0x48,0x6B,0xC8,0x58,0x48,0x03,0x4C,
    0x24,0x60,0x48,0x8D,0x54,0x24,0x70,0xE8,0x14,0xC1,0x00,0x00,0xFF,0x44,0x24,0x68,0x48,0x8D,0x4D,0xB0,0xE8,0xF7,0xE7,0xDD,
    0xFF,0x90,0x48,0x8D,0x4D,0xA0,0xE8,0xED,0xE7,0xDD,0xFF,0x90,0x48,0x8D,0x44,0x24,0x70,0x48,0x89,0x45,0x00,0x48,0x8D,0x4D,
    0x88,0xE8,0xDA,0xE7,0xDD,0xFF,0x90,0x48,0x8D,0x4C,0x24,0x78,0xE8,0xAF,0xB8,0xDD,0xFF,0x90,0x48,0x8D,0x4C,0x24,0x70,0xE8,
    0xC4,0xE7,0xDD,0xFF,0x48,0x83,0xEF,0x80,0x49,0x3B,0xFF,0xBE,0x00,0x00,0x00,0x00,0x0F,0x85,0x42,0xFE,0xFF,0xFF,0x4C,0x8B,
    0xB5,0xD0,0x00,0x00,0x00,0x48,0x8B,0x8D,0xE0,0x00,0x00,0x00,0x48,0x8B,0x01,0xB2,0x01,0xFF,0x50,0x20,0x48,0x8B,0x05,0x95,
    0x2B,0x7B,0x06,0x48,0x8B,0x88,0x80,0x00,0x00,0x00,0x48,0x8D,0x44,0x24,0x60,0x48,0x89,0x44,0x24,0x20,0x45,0x8B,0x4E,0x1C,
    0x45,0x8B,0x46,0x08,0x41,0x8B,0x56,0x04,0x48,0x8B,0x89,0x38,0x09,0x00,0x00,0xE8,0x8C,0xB8,0x00,0x00,0x90,0x48,0x8D,0x4C,
    0x24,0x60,0xE8,0x01,0xC2,0x00,0x00,0x49,0x8D,0x5E,0x04,0x49,0x8D,0x56,0x04,0xE9,0x86,0x01,0x00,0x00,0x48,0x89,0x74,0x24,
    0x60,0x45,0x33,0xE4,0x41,0x8B,0xDC,0x89,0x5C,0x24,0x68,0x41,0x8B,0xD4,0x89,0x54,0x24,0x6C,0x41,0x8B,0x7D,0x70,0x85,0xFF,
    0x74,0x5A,0x8D,0x0C,0x3F,0x41,0xB8,0xFD,0x01,0x00,0x00,0x65,0x48,0x8B,0x04,0x25,0x58,0x00,0x00,0x00,0x48,0x8B,0x10,0x45,
    0x38,0x24,0x10,0xBA,0x02,0x00,0x00,0x00,0x74,0x07,0xE8,0x79,0x93,0x23,0x04,0xEB,0x05,0xE8,0xAA,0x92,0x23,0x04,0x48,0x8B,
    0xF0,0x48,0x85,0xC0,0x75,0x1B,0xE8,0x3D,0x28,0xD6,0x00,0x45,0x33,0xC9,0x45,0x33,0xC0,0xBA,0x01,0x00,0x00,0x00,0xB9,0x02,
    0x00,0x00,0xA0,0xFF,0x15,0x7F,0x4A,0xC3,0x04,0x48,0x89,0x74,0x24,0x60,0x8B,0xD7,0x89,0x54,0x24,0x6C,0x49,0x8B,0x7D,0x68,
    0x45,0x8B,0x7D,0x70,0x49,0xC1,0xE7,0x07,0x4C,0x03,0xFF,0x49,0x3B,0xFF,0x74,0x51,0x41,0xBC,0x01,0x00,0x00,0x00,0x66,0x90,
    0x3B,0xD3,0x77,0x2A,0x8D,0x14,0x52,0xFF,0xC2,0xD1,0xEA,0x41,0x3B,0xD4,0x41,0x0F,0x42,0xD4,0x3B,0xDA,0x0F,0x47,0xD3,0x48,
    0x8D,0x4C,0x24,0x60,0xE8,0x3F,0x71,0xE5,0xFF,0x8B,0x54,0x24,0x6C,0x8B,0x5C,0x24,0x68,0x48,0x8B,0x74,0x24,0x60,0x8B,0xCB,
    0x0F,0xB7,0x07,0x66,0x89,0x04,0x4E,0xFF,0xC3,0x89,0x5C,0x24,0x68,0x48,0x83,0xEF,0x80,0x49,0x3B,0xFF,0x75,0xBA,0x45,0x33,
    0xE4,0x4C,0x8D,0x4C,0x24,0x60,0x45,0x8B,0x46,0x08,0x41,0x8B,0x56,0x04,0x48,0x8B,0x0D,0x63,0x2A,0x7B,0x06,0x48,0x8B,0x49,
    0x78,0xE8,0x5A,0x99,0x08,0x00,0x90,0x48,0x85,0xF6,0x74,0x3E,0x41,0xB8,0xFD,0x01,0x00,0x00,0x65,0x48,0x8B,0x04,0x25,0x58,
    0x00,0x00,0x00,0x48,0x8B,0x10,0x48,0x8B,0xCE,0x41,0x80,0x3C,0x10,0x00,0x74,0x1D,0xE8,0xDF,0x9B,0x23,0x04,0x4C,0x89,0x64,
    0x24,0x60,0x48,0xC7,0x44,0x24,0x68,0x00,0x00,0x00,0x00,0x49,0x8D,0x5E,0x04,0x49,0x8D,0x56,0x04,0xEB,0x4D,0xE8,0xC2,0x9A,
    0x23,0x04,0x4C,0x89,0x64,0x24,0x60,0x48,0xC7,0x44,0x24,0x68,0x00,0x00,0x00,0x00,0x49,0x8D,0x5E,0x04,0x49,0x8D,0x56,0x04,
    0xEB,0x30,0x41,0x80,0x3E,0x01,0x75,0x05,0x41,0xC6,0x46,0x40,0x00,0x41,0xC6,0x46,0x5C,0xFF,0x41,0xFF,0x46,0x58,0x41,0xC7,
    0x46,0x64,0xFF,0xFF,0xFF,0xFF,0x49,0x8D,0x5E,0x04,0x49,0x8D,0x56,0x04,0xEB,0x0A,0x49,0x8D,0x56,0x04,0xFE,0xC1,0x41,0x88,
    0x4E,0x5C,0x49,0x8B,0x76,0x68,0x41,0x8B,0x46,0x70,0x48,0x8D,0x0C,0x40,0x4C,0x8D,0x3C,0xCE,0x49,0x3B,0xF7,0x0F,0x84,0x88,
    0x00,0x00,0x00,0x4D,0x8D,0x66,0x0C,0x4C,0x8B,0xB5,0xD8,0x00,0x00,0x00,0x48,0x8D,0x4E,0x12,0xE8,0xF1,0x25,0xDD,0xFF,0x48,
    0x8B,0xF8,0x48,0x8D,0x4E,0x10,0xE8,0x35,0xCE,0xE7,0xFF,0x48,0x8B,0xD8,0x48,0x8B,0xCE,0xE8,0x7A,0xAD,0x00,0x00,0x48,0x8D,
    0x4E,0x14,0x48,0x8D,0x56,0x15,0x4C,0x8D,0x46,0x0C,0x4C,0x8D,0x4E,0x08,0x4C,0x8D,0x56,0x04,0x48,0x89,0x7C,0x24,0x50,0x48,
    0x89,0x5C,0x24,0x48,0x48,0x89,0x4C,0x24,0x40,0x48,0x89,0x54,0x24,0x38,0x4C,0x89,0x44,0x24,0x30,0x4C,0x89,0x4C,0x24,0x28,
    0x4C,0x89,0x54,0x24,0x20,0x4C,0x8B,0xC8,0x4D,0x8B,0xC4,0x49,0x8B,0xCE,0xE8,0x45,0x9F,0x64,0x00,0x48,0x83,0xC6,0x18,0x49,
    0x3B,0xF7,0x75,0x92,0x4C,0x8B,0xB5,0xD0,0x00,0x00,0x00,0x49,0x8D,0x5E,0x04,0x49,0x8D,0x56,0x04,0x83,0xBD,0xE8,0x00,0x00,
    0x00,0xFF,0x74,0x27,0x48,0x8B,0xCA,0xE8,0x0C,0xAD,0x00,0x00,0x4C,0x8D,0x4B,0x04,0x48,0x8D,0x8D,0xE8,0x00,0x00,0x00,0x48,
    0x89,0x4C,0x24,0x20,0x4C,0x8B,0xC0,0x48,0x8B,0x8D,0xD8,0x00,0x00,0x00,0xE8,0x5D,0xA5,0x64,0x00,0x33,0xC0,0x41,0x89,0x46,
    0x70,0x48,0x81,0xC4,0x88,0x01,0x00,0x00,0x41,0x5F,0x41,0x5E,0x41,0x5D,0x41,0x5C,0x5F,0x5E,0x5B,0x5D,0xC3,
};
static const U8 DialogueAdvanceMask[] = {
    0xFF,0xFF,0xFF,0xFF,0xFF,0xFF,0xFF,0xFF,0xFF,0xFF,0xFF,0xFF,0xFF,0xFF,0xFF,0xFF,0xFF,0xFF,0xFF,0xFF,0xFF,0xFF,0xFF,0xFF,
    0xFF,0xFF,0xFF,0xFF,0xFF,0xFF,0xFF,0xFF,0xFF,0xFF,0xFF,0xFF,0xFF,0xFF,0xFF,0xFF,0xFF,0xFF,0xFF,0xFF,0xFF,0xFF,0xFF,0xFF,
    0xFF,0xFF,0xFF,0xFF,0xFF,0xFF,0xFF,0xFF,0x00,0x00,0x00,0x00,0xFF,0xFF,0xFF,0xFF,0xFF,0xFF,0xFF,0xFF,0xFF,0xFF,0xFF,0xFF,
    0xFF,0xFF,0xFF,0xFF,0xFF,0xFF,0xFF,0xFF,0xFF,0xFF,0xFF,0xFF,0xFF,0xFF,0xFF,0x00,0x00,0x00,0x00,0xFF,0xFF,0xFF,0xFF,0xFF,
    0xFF,0xFF,0xFF,0xFF,0xFF,0xFF,0xFF,0xFF,0xFF,0xFF,0xFF,0xFF,0xFF,0xFF,0xFF,0xFF,0xFF,0xFF,0xFF,0xFF,0xFF,0xFF,0xFF,0xFF,
    0xFF,0xFF,0xFF,0xFF,0xFF,0xFF,0xFF,0xFF,0xFF,0xFF,0xFF,0xFF,0xFF,0xFF,0xFF,0xFF,0xFF,0xFF,0xFF,0xFF,0xFF,0xFF,0xFF,0xFF,
    0xFF,0xFF,0xFF,0xFF,0xFF,0xFF,0xFF,0xFF,0xFF,0xFF,0xFF,0xFF,0xFF,0xFF,0xFF,0xFF,0xFF,0xFF,0xFF,0xFF,0xFF,0xFF,0xFF,0xFF,
    0xFF,0xFF,0xFF,0xFF,0xFF,0xFF,0xFF,0xFF,0xFF,0xFF,0xFF,0xFF,0xFF,0xFF,0xFF,0xFF,0xFF,0xFF,0xFF,0xFF,0xFF,0xFF,0xFF,0xFF,
    0xFF,0xFF,0xFF,0xFF,0xFF,0xFF,0xFF,0xFF,0xFF,0xFF,0xFF,0xFF,0xFF,0xFF,0xFF,0xFF,0xFF,0xFF,0xFF,0xFF,0xFF,0xFF,0xFF,0xFF,
    0xFF,0xFF,0xFF,0xFF,0xFF,0xFF,0xFF,0xFF,0xFF,0xFF,0xFF,0xFF,0xFF,0xFF,0xFF,0xFF,0xFF,0xFF,0xFF,0xFF,0xFF,0xFF,0xFF,0xFF,
    0xFF,0xFF,0xFF,0xFF,0xFF,0xFF,0xFF,0xFF,0xFF,0xFF,0xFF,0xFF,0xFF,0xFF,0xFF,0xFF,0xFF,0xFF,0xFF,0xFF,0xFF,0xFF,0xFF,0xFF,
    0xFF,0xFF,0xFF,0xFF,0xFF,0xFF,0xFF,0xFF,0xFF,0xFF,0xFF,0xFF,0xFF,0xFF,0xFF,0xFF,0xFF,0xFF,0xFF,0xFF,0xFF,0xFF,0xFF,0xFF,
    0xFF,0xFF,0xFF,0xFF,0xFF,0xFF,0xFF,0xFF,0xFF,0xFF,0xFF,0xFF,0xFF,0xFF,0xFF,0xFF,0xFF,0xFF,0xFF,0xFF,0xFF,0xFF,0xFF,0xFF,
    0xFF,0xFF,0xFF,0xFF,0xFF,0xFF,0xFF,0xFF,0xFF,0xFF,0xFF,0xFF,0xFF,0xFF,0xFF,0xFF,0xFF,0xFF,0xFF,0xFF,0xFF,0xFF,0xFF,0xFF,
    0xFF,0xFF,0xFF,0xFF,0xFF,0xFF,0xFF,0xFF,0xFF,0xFF,0xFF,0xFF,0xFF,0xFF,0xFF,0xFF,0xFF,0xFF,0xFF,0xFF,0xFF,0xFF,0xFF,0xFF,
    0xFF,0xFF,0xFF,0xFF,0xFF,0xFF,0x00,0x00,0x00,0x00,0xFF,0xFF,0xFF,0x00,0x00,0x00,0x00,0xFF,0xFF,0xFF,0xFF,0xFF,0xFF,0xFF,
    0xFF,0xFF,0x00,0x00,0x00,0x00,0xFF,0xFF,0xFF,0xFF,0xFF,0xFF,0xFF,0xFF,0xFF,0xFF,0xFF,0xFF,0xFF,0xFF,0xFF,0xFF,0xFF,0xFF,
    0x00,0x00,0x00,0x00,0xFF,0xFF,0xFF,0xFF,0xFF,0xFF,0xFF,0xFF,0xFF,0xFF,0xFF,0xFF,0xFF,0xFF,0xFF,0xFF,0xFF,0xFF,0xFF,0xFF,
    0xFF,0xFF,0xFF,0xFF,0xFF,0xFF,0xFF,0xFF,0xFF,0xFF,0xFF,0xFF,0xFF,0xFF,0xFF,0xFF,0xFF,0xFF,0xFF,0xFF,0xFF,0xFF,0xFF,0xFF,
    0xFF,0xFF,0xFF,0xFF,0xFF,0xFF,0xFF,0xFF,0xFF,0xFF,0xFF,0xFF,0xFF,0xFF,0xFF,0xFF,0xFF,0xFF,0xFF,0xFF,0xFF,0xFF,0xFF,0xFF,
    0xFF,0xFF,0xFF,0xFF,0xFF,0xFF,0xFF,0xFF,0xFF,0xFF,0xFF,0xFF,0xFF,0xFF,0xFF,0xFF,0xFF,0xFF,0xFF,0xFF,0xFF,0xFF,0xFF,0xFF,
    0xFF,0x00,0x00,0x00,0x00,0xFF,0xFF,0xFF,0x00,0x00,0x00,0x00,0xFF,0xFF,0xFF,0xFF,0xFF,0xFF,0xFF,0xFF,0xFF,0xFF,0xFF,0xFF,
    0xFF,0xFF,0xFF,0xFF,0xFF,0xFF,0xFF,0xFF,0xFF,0xFF,0xFF,0xFF,0xFF,0xFF,0xFF,0xFF,0xFF,0xFF,0xFF,0xFF,0xFF,0xFF,0xFF,0xFF,
    0xFF,0xFF,0xFF,0xFF,0xFF,0xFF,0xFF,0xFF,0xFF,0xFF,0xFF,0xFF,0xFF,0xFF,0xFF,0xFF,0xFF,0xFF,0xFF,0xFF,0xFF,0xFF,0xFF,0xFF,
    0xFF,0xFF,0xFF,0xFF,0xFF,0xFF,0xFF,0xFF,0xFF,0xFF,0xFF,0xFF,0xFF,0xFF,0xFF,0xFF,0xFF,0xFF,0xFF,0xFF,0xFF,0xFF,0xFF,0xFF,
    0xFF,0xFF,0xFF,0xFF,0xFF,0xFF,0xFF,0xFF,0xFF,0xFF,0xFF,0xFF,0xFF,0xFF,0xFF,0xFF,0xFF,0xFF,0xFF,0xFF,0xFF,0xFF,0xFF,0xFF,
    0xFF,0xFF,0xFF,0xFF,0xFF,0xFF,0xFF,0xFF,0xFF,0xFF,0xFF,0xFF,0xFF,0xFF,0xFF,0xFF,0xFF,0xFF,0xFF,0xFF,0xFF,0xFF,0xFF,0xFF,
    0xFF,0xFF,0xFF,0xFF,0xFF,0xFF,0xFF,0xFF,0xFF,0xFF,0xFF,0xFF,0xFF,0xFF,0xFF,0xFF,0xFF,0xFF,0xFF,0xFF,0x00,0x00,0x00,0x00,
    0xFF,0xFF,0xFF,0xFF,0xFF,0xFF,0xFF,0xFF,0xFF,0xFF,0xFF,0xFF,0xFF,0xFF,0xFF,0xFF,0xFF,0xFF,0xFF,0xFF,0xFF,0xFF,0xFF,0xFF,
    0xFF,0xFF,0xFF,0xFF,0xFF,0x00,0x00,0x00,0x00,0xFF,0xFF,0xFF,0xFF,0xFF,0xFF,0xFF,0xFF,0xFF,0xFF,0xFF,0xFF,0xFF,0x00,0x00,
    0x00,0x00,0xFF,0xFF,0xFF,0xFF,0xFF,0xFF,0xFF,0xFF,0xFF,0xFF,0xFF,0xFF,0xFF,0xFF,0xFF,0xFF,0xFF,0xFF,0xFF,0xFF,0xFF,0xFF,
    0xFF,0xFF,0xFF,0xFF,0xFF,0xFF,0xFF,0xFF,0xFF,0xFF,0xFF,0xFF,0xFF,0xFF,0xFF,0xFF,0xFF,0xFF,0xFF,0xFF,0xFF,0xFF,0xFF,0xFF,
    0xFF,0xFF,0xFF,0xFF,0xFF,0xFF,0xFF,0xFF,0xFF,0xFF,0xFF,0xFF,0xFF,0xFF,0xFF,0xFF,0xFF,0xFF,0xFF,0xFF,0xFF,0xFF,0xFF,0xFF,
    0xFF,0xFF,0xFF,0xFF,0xFF,0xFF,0xFF,0xFF,0xFF,0xFF,0xFF,0xFF,0xFF,0xFF,0xFF,0xFF,0xFF,0xFF,0xFF,0xFF,0xFF,0x00,0x00,0x00,
    0x00,0xFF,0xFF,0xFF,0x00,0x00,0x00,0x00,0xFF,0xFF,0xFF,0xFF,0xFF,0xFF,0xFF,0xFF,0xFF,0x00,0x00,0x00,0x00,0xFF,0xFF,0xFF,
    0xFF,0xFF,0xFF,0xFF,0xFF,0xFF,0xFF,0xFF,0xFF,0xFF,0xFF,0xFF,0xFF,0xFF,0xFF,0x00,0x00,0x00,0x00,0xFF,0xFF,0xFF,0xFF,0xFF,
    0xFF,0xFF,0xFF,0xFF,0xFF,0xFF,0xFF,0xFF,0xFF,0xFF,0xFF,0xFF,0xFF,0xFF,0xFF,0xFF,0xFF,0xFF,0xFF,0xFF,0xFF,0xFF,0xFF,0xFF,
    0xFF,0xFF,0xFF,0xFF,0xFF,0xFF,0xFF,0xFF,0xFF,0xFF,0xFF,0x00,0x00,0x00,0x00,0xFF,0xFF,0xFF,0xFF,0xFF,0xFF,0xFF,0xFF,0xFF,
    0xFF,0xFF,0xFF,0xFF,0xFF,0xFF,0xFF,0xFF,0xFF,0xFF,0xFF,0x00,0x00,0x00,0x00,0xFF,0xFF,0xFF,0xFF,0xFF,0xFF,0x00,0x00,0x00,
    0x00,0xFF,0xFF,0xFF,0xFF,0xFF,0xFF,0xFF,0xFF,0xFF,0xFF,0x00,0x00,0x00,0x00,0xFF,0xFF,0xFF,0xFF,0xFF,0xFF,0x00,0x00,0x00,
    0x00,0xFF,0xFF,0xFF,0xFF,0xFF,0x00,0x00,0x00,0x00,0xFF,0xFF,0xFF,0xFF,0xFF,0xFF,0xFF,0xFF,0xFF,0xFF,0xFF,0xFF,0xFF,0xFF,
    0xFF,0xFF,0xFF,0xFF,0xFF,0xFF,0xFF,0xFF,0xFF,0xFF,0xFF,0xFF,0xFF,0xFF,0xFF,0xFF,0xFF,0xFF,0xFF,0xFF,0xFF,0xFF,0xFF,0xFF,
    0xFF,0xFF,0xFF,0xFF,0x00,0x00,0x00,0x00,0xFF,0xFF,0xFF,0x00,0x00,0x00,0x00,0xFF,0xFF,0xFF,0xFF,0xFF,0xFF,0xFF,0xFF,0xFF,
    0xFF,0xFF,0xFF,0xFF,0xFF,0xFF,0xFF,0xFF,0xFF,0xFF,0xFF,0xFF,0xFF,0xFF,0xFF,0xFF,0xFF,0xFF,0xFF,0xFF,0xFF,0xFF,0xFF,0xFF,
    0xFF,0xFF,0xFF,0xFF,0xFF,0xFF,0xFF,0xFF,0xFF,0xFF,0xFF,0xFF,0xFF,0xFF,0xFF,0xFF,0xFF,0xFF,0xFF,0xFF,0xFF,0xFF,0xFF,0xFF,
    0xFF,0xFF,0xFF,0xFF,0xFF,0xFF,0xFF,0xFF,0xFF,0xFF,0xFF,0xFF,0xFF,0xFF,0xFF,0xFF,0xFF,0xFF,0xFF,0xFF,0xFF,0xFF,0xFF,0xFF,
    0x00,0x00,0x00,0x00,0xFF,0xFF,0xFF,0x00,0x00,0x00,0x00,0xFF,0xFF,0xFF,0xFF,0xFF,0xFF,0xFF,0xFF,0xFF,0x00,0x00,0x00,0x00,
    0xFF,0xFF,0xFF,0xFF,0xFF,0xFF,0xFF,0xFF,0xFF,0xFF,0xFF,0xFF,0xFF,0xFF,0xFF,0xFF,0xFF,0xFF,0x00,0x00,0x00,0x00,0xFF,0xFF,
    0xFF,0xFF,0xFF,0xFF,0xFF,0xFF,0xFF,0xFF,0xFF,0xFF,0xFF,0xFF,0xFF,0xFF,0xFF,0xFF,0xFF,0xFF,0xFF,0xFF,0xFF,0xFF,0xFF,0xFF,
    0xFF,0xFF,0xFF,0xFF,0xFF,0xFF,0xFF,0xFF,0xFF,0xFF,0xFF,0x00,0x00,0x00,0x00,0xFF,0xFF,0xFF,0xFF,0xFF,0xFF,0xFF,0xFF,0xFF,
    0xFF,0xFF,0xFF,0xFF,0xFF,0xFF,0xFF,0xFF,0xFF,0xFF,0xFF,0x00,0x00,0x00,0x00,0xFF,0xFF,0xFF,0xFF,0xFF,0xFF,0x00,0x00,0x00,
    0x00,0xFF,0xFF,0xFF,0xFF,0xFF,0xFF,0xFF,0xFF,0xFF,0xFF,0x00,0x00,0x00,0x00,0xFF,0xFF,0xFF,0xFF,0xFF,0xFF,0x00,0x00,0x00,
    0x00,0xFF,0xFF,0xFF,0xFF,0xFF,0x00,0x00,0x00,0x00,0xFF,0xFF,0xFF,0xFF,0xFF,0xFF,0xFF,0xFF,0xFF,0xFF,0xFF,0xFF,0xFF,0xFF,
    0xFF,0xFF,0xFF,0xFF,0xFF,0xFF,0xFF,0xFF,0xFF,0xFF,0xFF,0xFF,0xFF,0xFF,0xFF,0xFF,0xFF,0xFF,0xFF,0xFF,0xFF,0xFF,0xFF,0xFF,
    0xFF,0xFF,0xFF,0xFF,0x00,0x00,0x00,0x00,0xFF,0xFF,0xFF,0xFF,0xFF,0xFF,0xFF,0xFF,0xFF,0xFF,0xFF,0xFF,0xFF,0x00,0x00,0x00,
    0x00,0xFF,0xFF,0xFF,0xFF,0xFF,0xFF,0xFF,0xFF,0xFF,0xFF,0xFF,0xFF,0xFF,0xFF,0xFF,0xFF,0xFF,0xFF,0xFF,0xFF,0xFF,0xFF,0xFF,
    0xFF,0xFF,0xFF,0xFF,0xFF,0xFF,0xFF,0xFF,0xFF,0xFF,0xFF,0xFF,0xFF,0xFF,0xFF,0xFF,0xFF,0xFF,0xFF,0xFF,0xFF,0xFF,0xFF,0xFF,
    0xFF,0xFF,0xFF,0xFF,0xFF,0xFF,0xFF,0xFF,0x00,0x00,0x00,0x00,0xFF,0xFF,0xFF,0xFF,0xFF,0xFF,0xFF,0xFF,0xFF,0xFF,0xFF,0xFF,
    0xFF,0xFF,0xFF,0xFF,0xFF,0xFF,0xFF,0xFF,0xFF,0xFF,0xFF,0x00,0x00,0x00,0x00,0xFF,0xFF,0xFF,0xFF,0xFF,0xFF,0xFF,0xFF,0xFF,
    0xFF,0xFF,0xFF,0xFF,0xFF,0xFF,0xFF,0xFF,0xFF,0xFF,0xFF,0x00,0x00,0x00,0x00,0xFF,0xFF,0xFF,0xFF,0xFF,0xFF,0xFF,0xFF,0xFF,
    0xFF,0xFF,0xFF,0xFF,0xFF,0xFF,0xFF,0xFF,0xFF,0xFF,0xFF,0x00,0x00,0x00,0x00,0xFF,0xFF,0xFF,0xFF,0xFF,0xFF,0xFF,0xFF,0xFF,
    0xFF,0xFF,0xFF,0xFF,0xFF,0xFF,0xFF,0xFF,0xFF,0xFF,0xFF,0xFF,0xFF,0xFF,0xFF,0xFF,0xFF,0xFF,0xFF,0xFF,0xFF,0xFF,0xFF,0xFF,
    0xFF,0xFF,0xFF,0xFF,0xFF,0xFF,0xFF,0xFF,0xFF,0xFF,0xFF,0xFF,0xFF,0xFF,0xFF,0xFF,0xFF,0xFF,0xFF,0xFF,0xFF,0xFF,0xFF,0xFF,
    0xFF,0xFF,0xFF,0xFF,0xFF,0xFF,0xFF,0xFF,0xFF,0xFF,0xFF,0xFF,0xFF,0xFF,0xFF,0xFF,0xFF,0xFF,0xFF,0xFF,0xFF,0xFF,0xFF,0xFF,
    0xFF,0xFF,0xFF,0xFF,0xFF,0xFF,0xFF,0xFF,0xFF,0xFF,0xFF,0xFF,0xFF,0xFF,0xFF,0xFF,0xFF,0xFF,0xFF,0xFF,0xFF,0xFF,0xFF,0xFF,
    0xFF,0xFF,0xFF,0xFF,0xFF,0xFF,0xFF,0xFF,0xFF,0xFF,0xFF,0xFF,0xFF,0xFF,0x00,0x00,0x00,0x00,0xFF,0xFF,0xFF,0xFF,0xFF,0xFF,
    0xFF,0xFF,0xFF,0xFF,0xFF,0xFF,0xFF,0xFF,0xFF,0xFF,0xFF,0xFF,0xFF,0xFF,0x00,0x00,0x00,0x00,0xFF,0xFF,0xFF,0xFF,0xFF,0xFF,
    0xFF,0xFF,0xFF,0xFF,0xFF,0xFF,0xFF,0xFF,0xFF,0xFF,0xFF,0xFF,0xFF,0xFF,0xFF,0xFF,0xFF,0xFF,0xFF,0xFF,0xFF,0xFF,0xFF,0xFF,
    0xFF,0xFF,0xFF,0xFF,0xFF,0xFF,0xFF,0xFF,0xFF,0xFF,0xFF,0xFF,0xFF,0xFF,0xFF,0xFF,0xFF,0xFF,0xFF,0xFF,0xFF,0xFF,0xFF,0xFF,
    0xFF,0xFF,0xFF,0xFF,0xFF,0xFF,0xFF,0x00,0x00,0x00,0x00,0xFF,0xFF,0xFF,0xFF,0xFF,0xFF,0xFF,0xFF,0xFF,0xFF,0xFF,0xFF,0xFF,
    0xFF,0xFF,0xFF,0xFF,0xFF,0xFF,0xFF,0xFF,0xFF,0xFF,0xFF,0xFF,0xFF,0xFF,0xFF,0xFF,0x00,0x00,0x00,0x00,0xFF,0xFF,0xFF,0x00,
    0x00,0x00,0x00,0xFF,0xFF,0xFF,0xFF,0xFF,0xFF,0xFF,0xFF,0xFF,0xFF,0xFF,0xFF,0xFF,0xFF,0xFF,0xFF,0xFF,0xFF,0xFF,0xFF,0xFF,
    0xFF,0xFF,0xFF,0xFF,0xFF,0xFF,0xFF,0xFF,0xFF,0xFF,0xFF,0xFF,0xFF,0xFF,0xFF,0xFF,0xFF,0xFF,0xFF,0xFF,0xFF,0xFF,0xFF,0xFF,
    0xFF,0xFF,0xFF,0xFF,0xFF,0xFF,0xFF,0xFF,0xFF,0xFF,0x00,0x00,0x00,0x00,0xFF,0xFF,0xFF,0xFF,0xFF,0xFF,0xFF,0xFF,0xFF,0xFF,
    0xFF,0xFF,0xFF,0xFF,0xFF,0xFF,0xFF,0xFF,0xFF,0x00,0x00,0x00,0x00,0xFF,0xFF,0xFF,0xFF,0xFF,0xFF,0xFF,0xFF,0xFF,0x00,0x00,
    0x00,0x00,0xFF,0xFF,0xFF,0xFF,0xFF,0xFF,0x00,0x00,0x00,0x00,0xFF,0xFF,0xFF,0xFF,0xFF,0xFF,0xFF,0xFF,0xFF,0xFF,0xFF,0xFF,
    0xFF,0xFF,0xFF,0x00,0x00,0x00,0x00,0xFF,0xFF,0xFF,0xFF,0xFF,0xFF,0xFF,0x00,0x00,0x00,0x00,0xFF,0xFF,0xFF,0xFF,0xFF,0xFF,
    0xFF,0x00,0x00,0x00,0x00,0xFF,0xFF,0xFF,0xFF,0xFF,0xFF,0xFF,0xFF,0xFF,0xFF,0xFF,0xFF,0xFF,0xFF,0xFF,0xFF,0xFF,0xFF,0xFF,
    0xFF,0xFF,0xFF,0xFF,0x00,0x00,0x00,0x00,0xFF,0xFF,0xFF,0xFF,0xFF,0xFF,0xFF,0xFF,0xFF,0xFF,0xFF,0xFF,0xFF,0xFF,0xFF,0xFF,
    0xFF,0xFF,0xFF,0xFF,0xFF,0xFF,0xFF,0xFF,0xFF,0xFF,0xFF,0xFF,0xFF,0xFF,0xFF,0xFF,0xFF,0xFF,0xFF,0xFF,0xFF,0xFF,0xFF,0xFF,
    0xFF,0xFF,0xFF,0x00,0x00,0x00,0x00,0xFF,0xFF,0xFF,0xFF,0xFF,0xFF,0xFF,0xFF,0xFF,0xFF,0xFF,0xFF,0xFF,0xFF,0xFF,0xFF,0xFF,
    0xFF,0xFF,0xFF,0xFF,0xFF,0xFF,0xFF,0xFF,0xFF,0xFF,0xFF,0xFF,0xFF,0xFF,0xFF,0xFF,0xFF,0xFF,0xFF,0xFF,0xFF,0xFF,0xFF,0xFF,
    0xFF,0xFF,0xFF,0xFF,0xFF,0xFF,0xFF,0xFF,0xFF,0xFF,0xFF,0xFF,0xFF,0xFF,0xFF,0xFF,0xFF,0xFF,0xFF,0xFF,0xFF,0xFF,0xFF,0xFF,
    0xFF,0xFF,0xFF,0xFF,0xFF,0xFF,0xFF,0xFF,0xFF,0xFF,0xFF,0xFF,0xFF,0xFF,0xFF,0xFF,0xFF,0xFF,0xFF,0xFF,0xFF,0xFF,0xFF,0xFF,
    0x00,0x00,0x00,0x00,0xFF,0xFF,0xFF,0xFF,0xFF,0xFF,0xFF,0xFF,0xFF,0xFF,0xFF,0x00,0x00,0x00,0x00,0xFF,0xFF,0xFF,0xFF,0xFF,
    0xFF,0xFF,0xFF,0xFF,0xFF,0xFF,0xFF,0xFF,0xFF,0xFF,0xFF,0xFF,0xFF,0xFF,0xFF,0xFF,0xFF,0xFF,0xFF,0xFF,0xFF,0xFF,0xFF,0xFF,
    0xFF,0xFF,0xFF,0xFF,0xFF,0xFF,0xFF,0xFF,0xFF,0xFF,0xFF,0xFF,0xFF,0xFF,0xFF,0xFF,0xFF,0xFF,0x00,0x00,0x00,0x00,0xFF,0xFF,
    0xFF,0xFF,0xFF,0xFF,0xFF,0xFF,0xFF,0xFF,0xFF,0xFF,0xFF,0xFF,0xFF,0xFF,0x00,0x00,0x00,0x00,0xFF,0xFF,0xFF,0xFF,0xFF,0xFF,
    0xFF,0xFF,0xFF,0xFF,0xFF,0xFF,0xFF,0xFF,0xFF,0xFF,0xFF,0xFF,0xFF,0xFF,0xFF,0xFF,0xFF,0xFF,0xFF,0xFF,0xFF,0xFF,0xFF,0xFF,
    0xFF,0xFF,0xFF,0xFF,0xFF,0xFF,0xFF,0xFF,0xFF,0xFF,0xFF,0xFF,0xFF,0xFF,0xFF,0xFF,0xFF,0xFF,0xFF,0xFF,0xFF,0xFF,0xFF,0xFF,
    0xFF,0xFF,0xFF,0xFF,0xFF,0xFF,0xFF,0xFF,0xFF,0xFF,0xFF,0xFF,0xFF,0xFF,0xFF,0xFF,0xFF,0xFF,0xFF,0xFF,0xFF,0xFF,0xFF,0xFF,
    0xFF,0xFF,0xFF,0xFF,0xFF,0xFF,0xFF,0xFF,0xFF,0xFF,0xFF,0xFF,0xFF,0xFF,0xFF,0xFF,0xFF,0xFF,0xFF,0xFF,0xFF,0xFF,0xFF,0xFF,
    0xFF,0xFF,0xFF,0xFF,0x00,0x00,0x00,0x00,0xFF,0xFF,0xFF,0xFF,0xFF,0xFF,0xFF,0xFF,0xFF,0xFF,0xFF,0xFF,0xFF,0xFF,0xFF,0xFF,
    0xFF,0xFF,0xFF,0xFF,0xFF,0xFF,0xFF,0xFF,0xFF,0xFF,0xFF,0xFF,0xFF,0xFF,0xFF,0xFF,0xFF,0xFF,0xFF,0xFF,0xFF,0xFF,0xFF,0xFF,
    0xFF,0xFF,0xFF,0xFF,0xFF,0xFF,0x00,0x00,0x00,0x00,0xFF,0xFF,0xFF,0xFF,0xFF,0xFF,0xFF,0xFF,0xFF,0xFF,0xFF,0xFF,0xFF,0xFF,
    0xFF,0xFF,0xFF,0xFF,0x00,0x00,0x00,0x00,0xFF,0xFF,0xFF,0xFF,0xFF,0xFF,0xFF,0xFF,0xFF,0xFF,0xFF,0xFF,0xFF,0xFF,0xFF,0xFF,
    0xFF,0xFF,0xFF,0xFF,0xFF,0xFF,0xFF,0xFF,0xFF,0xFF,0xFF,0xFF,0xFF,0xFF,0xFF,0xFF,0xFF,0xFF,0xFF,0xFF,0x00,0x00,0x00,0x00,
    0xFF,0xFF,0xFF,0xFF,0xFF,0xFF,0xFF,0xFF,0xFF,0xFF,0xFF,0xFF,0xFF,0xFF,0xFF,0xFF,0xFF,0xFF,0xFF,0xFF,0xFF,0xFF,0xFF,0xFF,
    0xFF,0xFF,0xFF,0xFF,0xFF,0xFF,0xFF,0xFF,0xFF,0xFF,0xFF,0xFF,0xFF,0xFF,0xFF,0xFF,0xFF,0xFF,0xFF,0xFF,0xFF,0xFF,0xFF,0xFF,
    0xFF,0xFF,0xFF,0xFF,0xFF,0xFF,0xFF,0xFF,0xFF,0xFF,0xFF,0xFF,0xFF,0xFF,0xFF,0xFF,0xFF,0xFF,0xFF,0xFF,0xFF,0xFF,0xFF,0xFF,
    0xFF,0xFF,0xFF,0xFF,0xFF,0xFF,0xFF,0xFF,0xFF,0xFF,0xFF,0xFF,0xFF,0xFF,0xFF,0xFF,0xFF,0xFF,0xFF,0xFF,0xFF,0xFF,0xFF,0xFF,
    0xFF,0xFF,0xFF,0xFF,0xFF,0xFF,0xFF,0xFF,0xFF,0xFF,0xFF,0xFF,0xFF,0xFF,0xFF,0xFF,0xFF,0xFF,0xFF,0xFF,0xFF,0xFF,0xFF,0xFF,
    0xFF,0xFF,0xFF,0xFF,0xFF,0xFF,0xFF,0xFF,0xFF,0xFF,0xFF,0xFF,0xFF,0xFF,0xFF,0xFF,0xFF,0xFF,0xFF,0xFF,0xFF,0xFF,0xFF,0xFF,
    0xFF,0xFF,0xFF,0xFF,0xFF,0xFF,0xFF,0xFF,0x00,0x00,0x00,0x00,0xFF,0xFF,0xFF,0xFF,0xFF,0xFF,0xFF,0xFF,0xFF,0xFF,0xFF,0xFF,
    0xFF,0xFF,0xFF,0xFF,0xFF,0xFF,0xFF,0xFF,0x00,0x00,0x00,0x00,0xFF,0xFF,0xFF,0xFF,0xFF,0xFF,0xFF,0xFF,0xFF,0xFF,0xFF,0xFF,
    0xFF,0xFF,0xFF,0xFF,0xFF,0xFF,0xFF,0xFF,0xFF,0xFF,0xFF,0xFF,0xFF,0xFF,0xFF,0xFF,0xFF,0xFF,0xFF,0xFF,0xFF,0xFF,0xFF,0xFF,
    0xFF,0xFF,0xFF,0xFF,0xFF,0xFF,0xFF,0xFF,0xFF,0xFF,0xFF,0xFF,0xFF,0xFF,0xFF,0xFF,0xFF,0xFF,0xFF,0xFF,0xFF,0xFF,0xFF,0xFF,
    0xFF,0x00,0x00,0x00,0x00,0xFF,0xFF,0xFF,0xFF,0xFF,0xFF,0xFF,0xFF,0xFF,0xFF,0xFF,0xFF,0xFF,0xFF,0xFF,0xFF,0xFF,0xFF,0xFF,
    0xFF,0xFF,0xFF,0xFF,0xFF,0x00,0x00,0x00,0x00,0xFF,0xFF,0xFF,0x00,0x00,0x00,0x00,0xFF,0xFF,0xFF,0xFF,0xFF,0xFF,0xFF,0xFF,
    0xFF,0xFF,0xFF,0xFF,0xFF,0xFF,0xFF,0xFF,0xFF,0xFF,0xFF,0xFF,0xFF,0xFF,0xFF,0xFF,0xFF,0xFF,0xFF,0xFF,0xFF,0xFF,0xFF,0xFF,
    0xFF,0xFF,0xFF,0xFF,0xFF,0xFF,0xFF,0xFF,0xFF,0xFF,0xFF,0xFF,0xFF,0xFF,0xFF,0xFF,0xFF,0x00,0x00,0x00,0x00,0xFF,0xFF,0xFF,
    0xFF,0xFF,0xFF,0xFF,0xFF,0xFF,0xFF,0xFF,0xFF,0xFF,0xFF,0xFF,0xFF,0xFF,0xFF,0x00,0x00,0x00,0x00,0xFF,0xFF,0xFF,0xFF,0xFF,
    0xFF,0xFF,0xFF,0xFF,0x00,0x00,0x00,0x00,0xFF,0xFF,0xFF,0xFF,0xFF,0xFF,0x00,0x00,0x00,0x00,0xFF,0xFF,0xFF,0xFF,0xFF,0xFF,
    0xFF,0xFF,0xFF,0xFF,0xFF,0xFF,0xFF,0xFF,0x00,0x00,0x00,0x00,0xFF,0xFF,0xFF,0xFF,0xFF,0xFF,0x00,0x00,0x00,0x00,0xFF,0xFF,
    0xFF,0xFF,0xFF,0xFF,0x00,0x00,0x00,0x00,0xFF,0xFF,0xFF,0xFF,0xFF,0xFF,0xFF,0xFF,0xFF,0xFF,0xFF,0xFF,0xFF,0xFF,0xFF,0xFF,
    0xFF,0xFF,0xFF,0xFF,0xFF,0xFF,0xFF,0xFF,0xFF,0xFF,0xFF,0xFF,0xFF,0xFF,0xFF,0xFF,0xFF,0xFF,0xFF,0xFF,0xFF,0xFF,0xFF,0xFF,
    0xFF,0xFF,0xFF,0xFF,0xFF,0xFF,0xFF,0xFF,0xFF,0xFF,0xFF,0xFF,0xFF,0xFF,0xFF,0xFF,0xFF,0xFF,0xFF,0xFF,0xFF,0xFF,0xFF,0xFF,
    0xFF,0xFF,0xFF,0xFF,0xFF,0xFF,0xFF,0xFF,0xFF,0xFF,0xFF,0xFF,0xFF,0xFF,0xFF,0xFF,0xFF,0xFF,0xFF,0xFF,0xFF,0xFF,0xFF,0xFF,
    0xFF,0xFF,0xFF,0xFF,0xFF,0xFF,0xFF,0xFF,0xFF,0xFF,0xFF,0xFF,0xFF,0xFF,0xFF,0xFF,0xFF,0xFF,0xFF,0xFF,0xFF,0xFF,0xFF,0xFF,
    0xFF,0xFF,0xFF,0xFF,0xFF,0xFF,0xFF,0xFF,0xFF,0xFF,0xFF,0xFF,0xFF,0xFF,0xFF,0xFF,0xFF,0xFF,0xFF,0xFF,0xFF,0xFF,0xFF,0xFF,
    0xFF,0xFF,0xFF,0xFF,0xFF,0xFF,0xFF,0xFF,0xFF,0xFF,0xFF,0xFF,0xFF,0xFF,0xFF,0xFF,0xFF,0xFF,0xFF,0xFF,0xFF,0xFF,0xFF,0xFF,
    0xFF,0xFF,0xFF,0xFF,0xFF,0xFF,0xFF,0xFF,0xFF,0xFF,0xFF,0xFF,0xFF,0xFF,0xFF,0xFF,0xFF,0xFF,0xFF,0xFF,0x00,0x00,0x00,0x00,
    0xFF,0xFF,0xFF,0xFF,0xFF,0xFF,0xFF,0xFF,0x00,0x00,0x00,0x00,0xFF,0xFF,0xFF,0xFF,0xFF,0xFF,0xFF,0xFF,0xFF,0xFF,0xFF,0xFF,
    0xFF,0xFF,0xFF,0xFF,0xFF,0xFF,0xFF,0xFF,0xFF,0xFF,0xFF,0xFF,0xFF,0xFF,0xFF,0xFF,0xFF,0xFF,0xFF,0xFF,0xFF,0xFF,0xFF,0xFF,
    0x00,0x00,0x00,0x00,0xFF,0xFF,0xFF,0xFF,0xFF,0xFF,0xFF,0xFF,0xFF,0xFF,0xFF,0xFF,0xFF,0xFF,0xFF,0xFF,0xFF,0xFF,0xFF,0xFF,
    0x00,0x00,0x00,0x00,0xFF,0xFF,0xFF,0xFF,0xFF,0xFF,0xFF,0x00,0x00,0x00,0x00,0xFF,0xFF,0xFF,0xFF,0xFF,0xFF,0xFF,0xFF,0xFF,
    0xFF,0xFF,0xFF,0xFF,0xFF,0xFF,0xFF,0xFF,0xFF,0xFF,0xFF,0xFF,0xFF,0xFF,0xFF,0xFF,0xFF,0xFF,0xFF,0xFF,0xFF,0xFF,0xFF,0xFF,
    0xFF,0xFF,0xFF,0xFF,0xFF,0xFF,0xFF,0xFF,0xFF,0xFF,0xFF,0xFF,0xFF,0xFF,0xFF,0xFF,0xFF,0xFF,0xFF,0xFF,0x00,0x00,0x00,0x00,
    0xFF,0xFF,0xFF,0xFF,0xFF,0xFF,0xFF,0xFF,0xFF,0xFF,0xFF,0xFF,0xFF,0xFF,0xFF,0x00,0x00,0x00,0x00,0xFF,0xFF,0xFF,0x00,0x00,
    0x00,0x00,0xFF,0xFF,0xFF,0xFF,0xFF,0xFF,0xFF,0xFF,0xFF,0xFF,0xFF,0xFF,0xFF,0xFF,0xFF,0xFF,0xFF,0xFF,0xFF,0xFF,0xFF,0xFF,
    0xFF,0xFF,0xFF,0xFF,0xFF,0xFF,0xFF,0xFF,0xFF,0xFF,0xFF,0xFF,0xFF,0xFF,0xFF,0xFF,0xFF,0xFF,0xFF,0xFF,0xFF,0xFF,0xFF,0xFF,
    0xFF,0xFF,0xFF,0x00,0x00,0x00,0x00,0xFF,0xFF,0xFF,0xFF,0xFF,0xFF,0xFF,0xFF,0xFF,0xFF,0xFF,0xFF,0xFF,0xFF,0xFF,0xFF,0xFF,
    0xFF,0xFF,0x00,0x00,0x00,0x00,0xFF,0xFF,0xFF,0xFF,0xFF,0xFF,0xFF,0xFF,0xFF,0x00,0x00,0x00,0x00,0xFF,0xFF,0xFF,0xFF,0xFF,
    0xFF,0x00,0x00,0x00,0x00,0xFF,0xFF,0xFF,0xFF,0xFF,0xFF,0xFF,0xFF,0xFF,0xFF,0xFF,0xFF,0xFF,0xFF,0xFF,0xFF,0xFF,0xFF,0x00,
    0x00,0x00,0x00,0xFF,0xFF,0xFF,0xFF,0xFF,0xFF,0xFF,0x00,0x00,0x00,0x00,0xFF,0xFF,0xFF,0xFF,0xFF,0xFF,0xFF,0x00,0x00,0x00,
    0x00,0xFF,0xFF,0xFF,0xFF,0xFF,0xFF,0xFF,0xFF,0x00,0x00,0x00,0x00,0xFF,0xFF,0xFF,0xFF,0xFF,0xFF,0xFF,0xFF,0xFF,0xFF,0xFF,
    0xFF,0xFF,0xFF,0xFF,0xFF,0xFF,0xFF,0xFF,0xFF,0xFF,0xFF,0xFF,0xFF,0xFF,0xFF,0xFF,0xFF,0xFF,0xFF,0x00,0x00,0x00,0x00,0xFF,
    0xFF,0xFF,0xFF,0xFF,0x00,0x00,0x00,0x00,0xFF,0xFF,0xFF,0xFF,0xFF,0xFF,0xFF,0xFF,0xFF,0xFF,0xFF,0xFF,0xFF,0xFF,0xFF,0xFF,
    0xFF,0xFF,0xFF,0xFF,0xFF,0xFF,0xFF,0xFF,0xFF,0xFF,0xFF,0xFF,0xFF,0xFF,0xFF,0xFF,0xFF,0xFF,0xFF,0xFF,0xFF,0xFF,0xFF,0x00,
    0x00,0x00,0x00,0xFF,0xFF,0xFF,0xFF,0xFF,0xFF,0xFF,0xFF,0xFF,0xFF,0x00,0x00,0x00,0x00,0xFF,0xFF,0xFF,0xFF,0xFF,0xFF,0x00,
    0x00,0x00,0x00,0xFF,0xFF,0xFF,0xFF,0xFF,0xFF,0xFF,0xFF,0xFF,0xFF,0xFF,0xFF,0xFF,0xFF,0xFF,0xFF,0xFF,0xFF,0xFF,0xFF,0xFF,
    0xFF,0xFF,0xFF,0xFF,0xFF,0xFF,0x00,0x00,0x00,0x00,0xFF,0xFF,0xFF,0xFF,0xFF,0xFF,0xFF,0xFF,0xFF,0xFF,0xFF,0xFF,0xFF,0xFF,
    0xFF,0xFF,0xFF,0x00,0x00,0x00,0x00,0xFF,0xFF,0xFF,0xFF,0xFF,0xFF,0xFF,0xFF,0xFF,0xFF,0xFF,0xFF,0xFF,0xFF,0xFF,0xFF,0xFF,
    0xFF,0xFF,0xFF,0xFF,0xFF,0xFF,0xFF,0xFF,0xFF,0xFF,0xFF,0xFF,0xFF,0xFF,0xFF,0xFF,0xFF,0xFF,0xFF,0xFF,0xFF,0xFF,0xFF,0xFF,
    0xFF,0xFF,0xFF,0xFF,0xFF,0xFF,0xFF,0xFF,0xFF,0xFF,0xFF,0xFF,0xFF,0xFF,0xFF,0xFF,0xFF,0xFF,0xFF,0xFF,0xFF,0xFF,0xFF,0xFF,
    0xFF,0xFF,0xFF,0xFF,0xFF,0xFF,0xFF,0xFF,0xFF,0xFF,0xFF,0xFF,0xFF,0xFF,0xFF,0xFF,0xFF,0xFF,0xFF,0xFF,0xFF,0xFF,0xFF,0xFF,
    0xFF,0xFF,0xFF,0xFF,0xFF,0xFF,0xFF,0x00,0x00,0x00,0x00,0xFF,0xFF,0xFF,0xFF,0xFF,0xFF,0xFF,0xFF,0xFF,0xFF,0xFF,0xFF,0xFF,
    0xFF,0xFF,0xFF,0xFF,0xFF,0xFF,0xFF,0xFF,0xFF,0x00,0x00,0x00,0x00,0xFF,0xFF,0xFF,0xFF,0xFF,0xFF,0xFF,0xFF,0xFF,0xFF,0xFF,
    0xFF,0xFF,0xFF,0xFF,0xFF,0xFF,0xFF,0xFF,0xFF,0xFF,0xFF,0xFF,0xFF,0xFF,0xFF,0xFF,0xFF,0xFF,0xFF,0xFF,0xFF,0x00,0x00,0x00,
    0x00,0xFF,0xFF,0xFF,0xFF,0xFF,0xFF,0xFF,0xFF,0xFF,0xFF,0xFF,0xFF,0xFF,0xFF,0xFF,0xFF,0xFF,0xFF,0xFF,0xFF,0xFF,0xFF,0xFF,
    0xFF,0xFF,0xFF,0xFF,0xFF,0xFF,0xFF,0xFF,0xFF,0xFF,0xFF,0xFF,0xFF,0xFF,0xFF,0xFF,0xFF,0xFF,0xFF,0xFF,0xFF,0xFF,0xFF,0xFF,
    0xFF,0xFF,0xFF,0xFF,0xFF,0xFF,0xFF,0xFF,0xFF,0xFF,0xFF,0xFF,0xFF,0xFF,0xFF,0xFF,0xFF,0xFF,0xFF,0xFF,0xFF,0xFF,0xFF,0xFF,
    0xFF,0xFF,0xFF,0xFF,0xFF,0xFF,0xFF,0xFF,0xFF,0xFF,0xFF,0xFF,0xFF,0xFF,0xFF,0xFF,0xFF,0xFF,0xFF,0xFF,0xFF,0xFF,0xFF,0xFF,
    0xFF,0xFF,0xFF,0xFF,0xFF,0xFF,0xFF,0xFF,0xFF,0xFF,0xFF,0xFF,0xFF,0xFF,0xFF,0xFF,0xFF,0xFF,0xFF,0xFF,0xFF,0xFF,0xFF,0xFF,
    0xFF,0xFF,0xFF,0xFF,0xFF,0xFF,0xFF,0xFF,0xFF,0xFF,0x00,0x00,0x00,0x00,0xFF,0xFF,0xFF,0xFF,0xFF,0xFF,0xFF,0xFF,0xFF,0xFF,
    0xFF,0xFF,0xFF,0xFF,0xFF,0xFF,0xFF,0xFF,0xFF,0xFF,0xFF,0xFF,0xFF,0xFF,0xFF,0xFF,0xFF,0xFF,0xFF,0xFF,0xFF,0xFF,0xFF,0xFF,
    0xFF,0xFF,0xFF,0xFF,0xFF,0xFF,0xFF,0xFF,0xFF,0xFF,0xFF,0xFF,0xFF,0xFF,0xFF,0xFF,0xFF,0xFF,0xFF,0xFF,0xFF,0xFF,0xFF,0xFF,
    0xFF,0xFF,0xFF,0xFF,0x00,0x00,0x00,0x00,0xFF,0xFF,0xFF,0xFF,0xFF,0xFF,0xFF,0xFF,0xFF,0xFF,0xFF,0xFF,0xFF,0xFF,0xFF,0xFF,
    0xFF,0xFF,0xFF,0xFF,0xFF,0xFF,0x00,0x00,0x00,0x00,0xFF,0xFF,0xFF,0xFF,0xFF,0xFF,0xFF,0xFF,0xFF,0xFF,0xFF,0xFF,0xFF,0xFF,
    0xFF,0xFF,0xFF,0xFF,0xFF,0xFF,0x00,0x00,0x00,0x00,0xFF,0xFF,0xFF,0xFF,0xFF,0xFF,0x00,0x00,0x00,0x00,0xFF,0xFF,0xFF,0xFF,
    0xFF,0xFF,0xFF,0xFF,0xFF,0xFF,0xFF,0xFF,0xFF,0xFF,0xFF,0xFF,0xFF,0xFF,0xFF,0x00,0x00,0x00,0x00,0xFF,0xFF,0xFF,0xFF,0xFF,
    0xFF,0xFF,0xFF,0xFF,0xFF,0xFF,0xFF,0xFF,0xFF,0xFF,0xFF,0xFF,0xFF,0xFF,0xFF,0xFF,0xFF,0xFF,0xFF,0xFF,0xFF,0xFF,0xFF,0xFF,
    0xFF,0xFF,0xFF,0xFF,0xFF,0xFF,0xFF,0xFF,0xFF,0xFF,0xFF,0xFF,0xFF,0xFF,0xFF,0xFF,0xFF,0xFF,0xFF,0xFF,0xFF,0xFF,0xFF,0xFF,
    0xFF,0xFF,0xFF,0xFF,0xFF,0xFF,0xFF,0xFF,0xFF,0x00,0x00,0x00,0x00,0xFF,0xFF,0xFF,0xFF,0xFF,0xFF,0xFF,0xFF,0xFF,0xFF,0xFF,
    0xFF,0xFF,0xFF,0xFF,0xFF,0xFF,0xFF,0xFF,0x00,0x00,0x00,0x00,0xFF,0xFF,0xFF,0xFF,0xFF,0xFF,0xFF,0xFF,0xFF,0x00,0x00,0x00,
    0x00,0xFF,0xFF,0xFF,0xFF,0xFF,0xFF,0x00,0x00,0x00,0x00,0xFF,0xFF,0xFF,0xFF,0xFF,0xFF,0xFF,0xFF,0xFF,0xFF,0xFF,0xFF,0xFF,
    0xFF,0xFF,0x00,0x00,0x00,0x00,0xFF,0xFF,0xFF,0xFF,0xFF,0xFF,0xFF,0x00,0x00,0x00,0x00,0xFF,0xFF,0xFF,0xFF,0xFF,0xFF,0xFF,
    0x00,0x00,0x00,0x00,0xFF,0xFF,0xFF,0xFF,0xFF,0xFF,0xFF,0xFF,0xFF,0xFF,0xFF,0xFF,0xFF,0xFF,0xFF,0xFF,0xFF,0xFF,0xFF,0xFF,
    0xFF,0xFF,0xFF,0xFF,0xFF,0xFF,0xFF,0xFF,0xFF,0xFF,0xFF,0xFF,0xFF,0xFF,0xFF,0xFF,0xFF,0xFF,0xFF,0xFF,0xFF,0xFF,0xFF,0x00,
    0x00,0x00,0x00,0xFF,0xFF,0xFF,0xFF,0xFF,0xFF,0xFF,0xFF,0xFF,0xFF,0xFF,0xFF,0xFF,0xFF,0xFF,0xFF,0xFF,0xFF,0xFF,0xFF,0xFF,
    0xFF,0xFF,0xFF,0xFF,0xFF,0xFF,0xFF,0xFF,0xFF,0xFF,0xFF,0xFF,0xFF,0xFF,0xFF,0xFF,0x00,0x00,0x00,0x00,0xFF,0xFF,0xFF,0xFF,
    0xFF,0xFF,0xFF,0x00,0x00,0x00,0x00,0xFF,0xFF,0xFF,0xFF,0xFF,0xFF,0xFF,0xFF,0xFF,0xFF,0xFF,0xFF,0xFF,0xFF,0xFF,0xFF,0xFF,
    0xFF,0xFF,0xFF,0xFF,0xFF,0xFF,0xFF,0xFF,0xFF,0xFF,0xFF,0xFF,0xFF,0xFF,0xFF,0xFF,0xFF,0xFF,0xFF,0xFF,0xFF,0xFF,0xFF,0xFF,
    0xFF,0xFF,0xFF,0xFF,0xFF,0xFF,0xFF,0xFF,0xFF,0xFF,0xFF,0xFF,0xFF,0xFF,0xFF,0xFF,0xFF,0xFF,0xFF,0xFF,0xFF,0xFF,0xFF,0xFF,
    0xFF,0xFF,0xFF,0xFF,0xFF,0xFF,0xFF,0xFF,0xFF,0xFF,0xFF,0x00,0x00,0x00,0x00,0xFF,0xFF,0xFF,0x00,0x00,0x00,0x00,0xFF,0xFF,
    0xFF,0xFF,0xFF,0xFF,0xFF,0xFF,0xFF,0x00,0x00,0x00,0x00,0xFF,0xFF,0xFF,0xFF,0xFF,0xFF,0xFF,0xFF,0xFF,0xFF,0xFF,0xFF,0xFF,
    0xFF,0xFF,0xFF,0xFF,0xFF,0x00,0x00,0x00,0x00,0xFF,0xFF,0xFF,0xFF,0xFF,0xFF,0xFF,0xFF,0xFF,0xFF,0xFF,0xFF,0xFF,0xFF,0xFF,
    0xFF,0xFF,0xFF,0xFF,0xFF,0xFF,0xFF,0xFF,0xFF,0xFF,0xFF,0xFF,0xFF,0xFF,0xFF,0xFF,0xFF,0xFF,0xFF,0xFF,0xFF,0xFF,0xFF,0xFF,
    0xFF,0xFF,0xFF,0xFF,0xFF,0xFF,0xFF,0xFF,0xFF,0xFF,0xFF,0xFF,0xFF,0xFF,0xFF,0xFF,0xFF,0xFF,0xFF,0xFF,0xFF,0xFF,0xFF,0xFF,
    0xFF,0xFF,0xFF,0xFF,0xFF,0x00,0x00,0x00,0x00,0xFF,0xFF,0xFF,0xFF,0xFF,0xFF,0xFF,0xFF,0xFF,0xFF,0xFF,0xFF,0xFF,0xFF,0xFF,
    0xFF,0xFF,0xFF,0xFF,0xFF,0xFF,0xFF,0xFF,0xFF,0xFF,0xFF,0xFF,0xFF,0xFF,0xFF,0xFF,0xFF,0xFF,0xFF,0xFF,0xFF,0xFF,0xFF,0xFF,
    0xFF,0xFF,0xFF,0xFF,0xFF,0xFF,0xFF,0xFF,0xFF,0xFF,0xFF,0xFF,0xFF,0xFF,0xFF,0xFF,0xFF,0x00,0x00,0x00,0x00,0xFF,0xFF,0xFF,
    0xFF,0xFF,0x00,0x00,0x00,0x00,0xFF,0xFF,0xFF,0xFF,0xFF,0xFF,0xFF,0xFF,0xFF,0xFF,0xFF,0xFF,0xFF,0xFF,0xFF,0xFF,0xFF,0xFF,
    0xFF,0xFF,0xFF,0xFF,0xFF,0xFF,0xFF,0xFF,0xFF,0xFF,0xFF,0xFF,0xFF,0xFF,0xFF,0xFF,0xFF,0x00,0x00,0x00,0x00,0xFF,0xFF,0xFF,
    0xFF,0xFF,0xFF,0xFF,0xFF,0xFF,0xFF,0xFF,0xFF,0xFF,0xFF,0xFF,0xFF,0xFF,0xFF,0xFF,0xFF,0xFF,0xFF,0xFF,0xFF,0xFF,0x00,0x00,
    0x00,0x00,0xFF,0xFF,0xFF,0xFF,0xFF,0xFF,0xFF,0xFF,0xFF,0xFF,0xFF,0xFF,0xFF,0xFF,0xFF,0xFF,0xFF,0xFF,0xFF,0xFF,0xFF,0xFF,
    0xFF,0xFF,0xFF,0xFF,0xFF,0xFF,0xFF,0xFF,0xFF,0xFF,0xFF,0xFF,0xFF,0xFF,0xFF,0xFF,0xFF,0xFF,0xFF,0xFF,0xFF,0xFF,0xFF,0xFF,
    0xFF,0xFF,0xFF,0xFF,0xFF,0xFF,0xFF,0xFF,0xFF,0xFF,0xFF,0xFF,0xFF,0xFF,0xFF,0xFF,0xFF,0xFF,0xFF,0xFF,0xFF,0xFF,0xFF,0xFF,
    0xFF,0xFF,0xFF,0xFF,0xFF,0xFF,0xFF,0xFF,0xFF,0xFF,0xFF,0xFF,0xFF,0xFF,0xFF,0xFF,0xFF,0xFF,0xFF,0xFF,0xFF,0xFF,0xFF,0xFF,
    0xFF,0xFF,0xFF,0xFF,0xFF,0xFF,0xFF,0xFF,0xFF,0xFF,0xFF,0xFF,0xFF,0xFF,0xFF,0xFF,0xFF,0xFF,0xFF,0x00,0x00,0x00,0x00,0xFF,
    0xFF,0xFF,0xFF,0xFF,0xFF,0xFF,0xFF,0x00,0x00,0x00,0x00,0xFF,0xFF,0xFF,0xFF,0xFF,0xFF,0xFF,0x00,0x00,0x00,0x00,0xFF,0xFF,
    0xFF,0xFF,0xFF,0xFF,0xFF,0xFF,0xFF,0xFF,0xFF,0xFF,0xFF,0xFF,0xFF,0xFF,0xFF,0xFF,0xFF,0xFF,0xFF,0xFF,0xFF,0xFF,0xFF,0xFF,
    0xFF,0xFF,0xFF,0xFF,0xFF,0xFF,0xFF,0xFF,0xFF,0xFF,0xFF,0xFF,0xFF,0xFF,0xFF,0xFF,0xFF,0xFF,0xFF,0xFF,0xFF,0xFF,0xFF,0xFF,
    0xFF,0xFF,0xFF,0xFF,0xFF,0xFF,0xFF,0xFF,0xFF,0xFF,0xFF,0xFF,0xFF,0xFF,0xFF,0x00,0x00,0x00,0x00,0xFF,0xFF,0xFF,0xFF,0xFF,
    0xFF,0xFF,0xFF,0xFF,0xFF,0xFF,0xFF,0xFF,0xFF,0xFF,0xFF,0xFF,0xFF,0xFF,0xFF,0xFF,0xFF,0xFF,0xFF,0xFF,0xFF,0xFF,0xFF,0xFF,
    0xFF,0xFF,0xFF,0xFF,0xFF,0xFF,0xFF,0xFF,0x00,0x00,0x00,0x00,0xFF,0xFF,0xFF,0xFF,0xFF,0xFF,0xFF,0xFF,0xFF,0xFF,0xFF,0xFF,
    0xFF,0xFF,0xFF,0xFF,0xFF,0xFF,0xFF,0xFF,0xFF,0xFF,0xFF,0xFF,0xFF,0xFF,0xFF,0x00,0x00,0x00,0x00,0xFF,0xFF,0xFF,0xFF,0xFF,
    0xFF,0xFF,0xFF,0xFF,0xFF,0xFF,0xFF,0xFF,0xFF,0xFF,0xFF,0xFF,0xFF,0xFF,0xFF,0xFF,0xFF,0xFF,0xFF,0xFF,0xFF,
};
static const U8 DialogueAdvanceUnwind[] = {
    0x11,0x25,0x0A,0x00,0x25,0x01,0x31,0x00,0x16,0xF0,0x14,0xE0,0x12,0xD0,0x10,0xC0,0x0E,0x70,0x0D,0x60,0x0C,0x30,0x0B,0x50,
};
static const DialogueRef DialogueAdvanceRefs[] = {
    {56,60,58,1},
    {87,91,45,1},
    {366,370,81,1},
    {373,377,82,1},
    {386,390,83,1},
    {408,412,84,0},
    {505,509,39,1},
    {512,516,40,1},
    {668,672,85,1},
    {701,705,86,1},
    {718,722,87,1},
    {813,817,81,1},
    {820,824,82,1},
    {833,837,83,1},
    {855,859,84,0},
    {899,903,88,1},
    {923,927,54,1},
    {933,937,54,1},
    {947,951,54,1},
    {957,961,89,1},
    {966,970,54,1},
    {1012,1016,39,1},
    {1019,1023,40,1},
    {1104,1108,81,1},
    {1111,1115,82,1},
    {1124,1128,83,1},
    {1146,1150,84,0},
    {1187,1191,88,1},
    {1211,1215,54,1},
    {1221,1225,54,1},
    {1235,1239,54,1},
    {1245,1249,89,1},
    {1254,1258,54,1},
    {1300,1304,39,1},
    {1317,1321,40,1},
    {1376,1380,50,0},
    {1403,1407,90,1},
    {1427,1431,91,1},
    {1451,1455,92,1},
    {1574,1578,93,1},
    {1598,1602,66,1},
    {1663,1667,94,1},
    {1696,1700,39,1},
    {1703,1707,40,1},
    {1762,1766,95,1},
    {1785,1789,96,1},
    {1798,1802,54,1},
    {1808,1812,54,1},
    {1827,1831,54,1},
    {1838,1842,89,1},
    {1849,1853,54,1},
    {1876,1880,6,0},
    {1923,1927,97,1},
    {2016,2020,98,1},
    {2031,2035,99,0},
    {2082,2086,100,1},
    {2102,2106,101,1},
    {2212,2216,102,1},
    {2262,2266,39,1},
    {2284,2288,40,1},
    {2324,2328,50,0},
    {2480,2484,93,1},
    {2504,2508,66,1},
    {2569,2573,94,1},
    {2597,2601,39,1},
    {2604,2608,40,1},
    {2657,2661,95,1},
    {2679,2683,96,1},
    {2692,2696,54,1},
    {2702,2706,54,1},
    {2720,2724,54,1},
    {2730,2734,89,1},
    {2740,2744,54,1},
    {2924,2928,103,0},
    {2936,2940,104,0},
    {2976,2980,93,1},
    {3000,3004,66,1},
    {3011,3015,105,0},
    {3068,3072,94,1},
    {3087,3091,39,1},
    {3094,3098,40,1},
    {3147,3151,95,1},
    {3170,3174,96,1},
    {3183,3187,54,1},
    {3193,3197,54,1},
    {3215,3219,54,1},
    {3226,3230,89,1},
    {3237,3241,54,1},
    {3249,3253,6,0},
    {3283,3287,106,1},
    {3292,3296,99,0},
    {3335,3339,107,1},
    {3349,3353,108,1},
    {3359,3363,109,1},
    {3390,3394,102,1},
    {3411,3415,109,1},
    {3511,3515,95,1},
    {3537,3541,110,1},
    {3573,3577,50,0},
    {3706,3710,111,0},
    {3772,3776,112,1},
    {3798,3802,113,1},
    {3822,3826,66,1},
    {3832,3836,54,1},
    {3855,3859,114,1},
    {3921,3925,95,1},
    {3944,3948,96,1},
    {3957,3961,54,1},
    {3967,3971,54,1},
    {3986,3990,54,1},
    {3997,4001,89,1},
    {4008,4012,54,1},
    {4055,4059,6,0},
    {4096,4100,97,1},
    {4107,4111,109,1},
    {4187,4191,81,1},
    {4194,4198,82,1},
    {4207,4211,83,1},
    {4229,4233,84,0},
    {4301,4305,115,1},
    {4361,4365,6,0},
    {4370,4374,116,1},
    {4409,4413,39,1},
    {4438,4442,40,1},
    {4555,4559,117,1},
    {4567,4571,112,1},
    {4578,4582,58,1},
    {4647,4651,118,1},
    {4688,4692,58,1},
    {4719,4723,119,1},
};
static const DialoguePattern DialogueAdvancePattern = {{DialogueAdvanceBytes,DialogueAdvanceMask,sizeof(DialogueAdvanceBytes),nullptr,0},DialogueAdvanceRefs,sizeof(DialogueAdvanceRefs)/sizeof(DialogueRef),DialogueAdvanceUnwind,sizeof(DialogueAdvanceUnwind)};
static const U8 DialogueCurrentBytes[] = {
    0x40,0x53,0x48,0x83,0xEC,0x20,0x48,0x8B,0xD9,0x48,0x83,0xC1,0x04,0xE8,0x3E,0x9B,0x00,0x00,0x48,0x8B,0x90,0x20,0x01,0x00,
    0x00,0x8B,0x43,0x08,0x4C,0x8D,0x04,0xC0,0xB8,0xFF,0xFF,0x00,0x00,0x49,0xC1,0xE0,0x04,0x4C,0x03,0xC2,0x0F,0xB7,0x53,0x66,
    0x66,0x3B,0xD0,0x74,0x3B,0x49,0x8B,0x40,0x68,0x41,0x8B,0x48,0x70,0x48,0xC1,0xE1,0x07,0x48,0x03,0xC8,0x48,0x3B,0xC1,0x74,
    0x15,0x0F,0x1F,0x80,0x00,0x00,0x00,0x00,0x66,0x39,0x10,0x74,0x11,0x48,0x83,0xE8,0x80,0x48,0x3B,0xC1,0x75,0xF2,0x33,0xC0,
    0x48,0x83,0xC4,0x20,0x5B,0xC3,0x48,0x83,0xC0,0x08,0x48,0x83,0xC4,0x20,0x5B,0xC3,0x44,0x0F,0xB7,0x53,0x64,0x66,0x44,0x3B,
    0xD0,0x74,0x43,0x45,0x8B,0x88,0x80,0x00,0x00,0x00,0x33,0xC9,0x45,0x85,0xC9,0x74,0xD5,0x4D,0x8B,0x58,0x78,0x0F,0x1F,0x00,
    0x8B,0xC1,0x48,0x6B,0xD0,0x78,0x66,0x46,0x39,0x14,0x1A,0x74,0x0F,0xFF,0xC1,0x41,0x3B,0xC9,0x72,0xEC,0x33,0xC0,0x48,0x83,
    0xC4,0x20,0x5B,0xC3,0x83,0xF9,0xFF,0x74,0xAD,0x49,0x8D,0x43,0x08,0x48,0x03,0xC2,0x48,0x83,0xC4,0x20,0x5B,0xC3,0x0F,0xB6,
    0x03,0x3C,0x01,0x75,0x0D,0x41,0x83,0x78,0x50,0x00,0x49,0x8D,0x48,0x48,0x74,0x8E,0xEB,0x32,0x3C,0x02,0x75,0x17,0x80,0x7B,
    0x3C,0x00,0x74,0x11,0x41,0x83,0x78,0x60,0x00,0x49,0x8D,0x48,0x58,0x0F,0x84,0x73,0xFF,0xFF,0xFF,0xEB,0x17,0x8B,0x43,0x30,
    0x41,0x39,0x40,0x40,0x0F,0x86,0x64,0xFF,0xFF,0xFF,0x8B,0xC8,0x48,0xC1,0xE1,0x04,0x49,0x03,0x48,0x38,0x8B,0x43,0x58,0x39,
    0x41,0x08,0x0F,0x86,0x4E,0xFF,0xFF,0xFF,0x48,0x6B,0xC0,0x70,0x48,0x03,0x01,0x48,0x83,0xC4,0x20,0x5B,0xC3,
};
static const U8 DialogueCurrentMask[] = {
    0xFF,0xFF,0xFF,0xFF,0xFF,0xFF,0xFF,0xFF,0xFF,0xFF,0xFF,0xFF,0xFF,0xFF,0x00,0x00,0x00,0x00,0xFF,0xFF,0xFF,0xFF,0xFF,0xFF,
    0xFF,0xFF,0xFF,0xFF,0xFF,0xFF,0xFF,0xFF,0xFF,0xFF,0xFF,0xFF,0xFF,0xFF,0xFF,0xFF,0xFF,0xFF,0xFF,0xFF,0xFF,0xFF,0xFF,0xFF,
    0xFF,0xFF,0xFF,0xFF,0xFF,0xFF,0xFF,0xFF,0xFF,0xFF,0xFF,0xFF,0xFF,0xFF,0xFF,0xFF,0xFF,0xFF,0xFF,0xFF,0xFF,0xFF,0xFF,0xFF,
    0xFF,0xFF,0xFF,0xFF,0xFF,0xFF,0xFF,0xFF,0xFF,0xFF,0xFF,0xFF,0xFF,0xFF,0xFF,0xFF,0xFF,0xFF,0xFF,0xFF,0xFF,0xFF,0xFF,0xFF,
    0xFF,0xFF,0xFF,0xFF,0xFF,0xFF,0xFF,0xFF,0xFF,0xFF,0xFF,0xFF,0xFF,0xFF,0xFF,0xFF,0xFF,0xFF,0xFF,0xFF,0xFF,0xFF,0xFF,0xFF,
    0xFF,0xFF,0xFF,0xFF,0xFF,0xFF,0xFF,0xFF,0xFF,0xFF,0xFF,0xFF,0xFF,0xFF,0xFF,0xFF,0xFF,0xFF,0xFF,0xFF,0xFF,0xFF,0xFF,0xFF,
    0xFF,0xFF,0xFF,0xFF,0xFF,0xFF,0xFF,0xFF,0xFF,0xFF,0xFF,0xFF,0xFF,0xFF,0xFF,0xFF,0xFF,0xFF,0xFF,0xFF,0xFF,0xFF,0xFF,0xFF,
    0xFF,0xFF,0xFF,0xFF,0xFF,0xFF,0xFF,0xFF,0xFF,0xFF,0xFF,0xFF,0xFF,0xFF,0xFF,0xFF,0xFF,0xFF,0xFF,0xFF,0xFF,0xFF,0xFF,0xFF,
    0xFF,0xFF,0xFF,0xFF,0xFF,0xFF,0xFF,0xFF,0xFF,0xFF,0xFF,0xFF,0xFF,0xFF,0xFF,0xFF,0xFF,0xFF,0xFF,0xFF,0xFF,0xFF,0xFF,0xFF,
    0xFF,0xFF,0xFF,0xFF,0xFF,0xFF,0xFF,0xFF,0xFF,0xFF,0xFF,0xFF,0xFF,0xFF,0xFF,0xFF,0xFF,0xFF,0xFF,0xFF,0xFF,0xFF,0xFF,0xFF,
    0xFF,0xFF,0xFF,0xFF,0xFF,0xFF,0xFF,0xFF,0xFF,0xFF,0xFF,0xFF,0xFF,0xFF,0xFF,0xFF,0xFF,0xFF,0xFF,0xFF,0xFF,0xFF,0xFF,0xFF,
    0xFF,0xFF,0xFF,0xFF,0xFF,0xFF,0xFF,0xFF,0xFF,0xFF,0xFF,0xFF,0xFF,0xFF,0xFF,0xFF,0xFF,0xFF,0xFF,0xFF,0xFF,
};
static const U8 DialogueCurrentUnwind[] = {
    0x01,0x06,0x02,0x00,0x06,0x32,0x02,0x30,
};
static const DialogueRef DialogueCurrentRefs[] = {
    {14,18,58,1},
};
static const DialoguePattern DialogueCurrentPattern = {{DialogueCurrentBytes,DialogueCurrentMask,sizeof(DialogueCurrentBytes),nullptr,0},DialogueCurrentRefs,sizeof(DialogueCurrentRefs)/sizeof(DialogueRef),DialogueCurrentUnwind,sizeof(DialogueCurrentUnwind)};
static const U8 DialogueFinishBytes[] = {
    0x48,0x89,0x5C,0x24,0x18,0x48,0x89,0x54,0x24,0x10,0x55,0x56,0x57,0x41,0x54,0x41,0x55,0x41,0x56,0x41,0x57,0x48,0x81,0xEC,
    0x40,0x01,0x00,0x00,0x41,0x0F,0xB6,0xD9,0x4D,0x8B,0xF0,0x48,0x8B,0xF2,0x48,0x8B,0xE9,0x4C,0x8D,0x61,0x04,0x49,0x8B,0xCC,
    0xE8,0x4B,0xAC,0x00,0x00,0x44,0x8B,0x55,0x08,0x4F,0x8D,0x3C,0xD2,0x49,0xC1,0xE7,0x04,0x4C,0x03,0xB8,0x20,0x01,0x00,0x00,
    0x4C,0x89,0xBC,0x24,0x80,0x01,0x00,0x00,0x80,0x7D,0x00,0x00,0x75,0x17,0x48,0x8B,0x4E,0x68,0x44,0x8B,0x45,0x30,0x49,0x8B,
    0xD7,0x48,0x8B,0x89,0xF8,0x00,0x00,0x00,0xE8,0xC3,0x85,0x00,0x00,0x41,0xBD,0xFF,0xFF,0x00,0x00,0x84,0xDB,0x0F,0x84,0xC5,
    0x00,0x00,0x00,0x44,0x89,0x6C,0x24,0x60,0x8B,0x05,0x5A,0x65,0x4B,0x06,0x89,0x44,0x24,0x68,0x8B,0x05,0x4C,0x65,0x4B,0x06,
    0x89,0x44,0x24,0x64,0x48,0x8D,0x54,0x24,0x60,0x48,0x8D,0x8C,0x24,0x90,0x00,0x00,0x00,0xE8,0x8A,0xEB,0x1F,0x01,0x48,0x8B,
    0xCD,0xE8,0xF2,0x07,0x00,0x00,0x89,0x84,0x24,0xE8,0x00,0x00,0x00,0x48,0x8B,0x5D,0x20,0x8B,0x7D,0x28,0x48,0xC1,0xE7,0x04,
    0x48,0x03,0xFB,0x48,0x3B,0xDF,0x74,0x78,0x4C,0x8D,0x2D,0x31,0xF3,0x16,0x05,0x90,0x44,0x8B,0x03,0x45,0x3B,0x46,0x60,0x74,
    0x58,0x48,0x8D,0x54,0x24,0x70,0x48,0x8B,0x0D,0xAB,0x27,0x7B,0x06,0x48,0x8B,0x49,0x30,0xE8,0xD2,0x7E,0x2F,0x00,0x90,0x80,
    0xBC,0x24,0x80,0x00,0x00,0x00,0x00,0x75,0x02,0xEB,0x27,0x48,0x8B,0x44,0x24,0x78,0x48,0x8B,0x48,0x68,0x48,0x8B,0x49,0x58,
    0x48,0x8B,0x01,0x45,0x33,0xC9,0x4C,0x8D,0x84,0x24,0x90,0x00,0x00,0x00,0x48,0x8D,0x54,0x24,0x60,0xFF,0x90,0x88,0x01,0x00,
    0x00,0x90,0x4C,0x89,0x6C,0x24,0x70,0x48,0x8D,0x4C,0x24,0x70,0xE8,0xAF,0xDE,0xE7,0x00,0x48,0x83,0xC3,0x10,0x48,0x3B,0xDF,
    0x75,0x96,0x41,0xBD,0xFF,0xFF,0x00,0x00,0xC6,0x45,0x3D,0x01,0x66,0xC7,0x45,0x3F,0x00,0x00,0x65,0x48,0x8B,0x04,0x25,0x58,
    0x00,0x00,0x00,0x48,0x8B,0x08,0xB8,0xEC,0x01,0x00,0x00,0x48,0x8B,0x1D,0xD6,0x29,0x7B,0x06,0x33,0xFF,0x40,0x38,0x3C,0x08,
    0x48,0x0F,0x45,0xDF,0xE8,0x6F,0x01,0xE6,0x00,0x48,0x8D,0x0C,0x18,0x48,0x63,0x05,0x8C,0x3C,0x6E,0x06,0x48,0x03,0xC1,0x48,
    0x89,0x45,0x48,0x89,0x7D,0x58,0xC6,0x45,0x5C,0xFF,0x48,0xC7,0x45,0x60,0xFF,0xFF,0xFF,0xFF,0x66,0x44,0x89,0x6D,0x78,0x48,
    0x8B,0xD6,0x48,0x8B,0xCD,0xE8,0xFE,0x04,0x00,0x00,0x48,0x8B,0x75,0x68,0x8B,0x45,0x70,0x48,0x8D,0x0C,0x40,0x4C,0x8D,0x2C,
    0xCE,0x49,0x3B,0xF5,0x0F,0x84,0x85,0x00,0x00,0x00,0x4C,0x8B,0xBC,0x24,0x88,0x01,0x00,0x00,0x48,0x8D,0x4E,0x12,0xE8,0x15,
    0x23,0xDD,0xFF,0x48,0x8B,0xF8,0x48,0x8D,0x4E,0x10,0xE8,0x59,0xCB,0xE7,0xFF,0x48,0x8B,0xD8,0x48,0x8B,0xCE,0xE8,0x9E,0xAA,
    0x00,0x00,0x48,0x8D,0x4E,0x14,0x48,0x8D,0x56,0x15,0x4C,0x8D,0x46,0x0C,0x4C,0x8D,0x4E,0x08,0x4C,0x8D,0x56,0x04,0x48,0x89,
    0x7C,0x24,0x50,0x48,0x89,0x5C,0x24,0x48,0x48,0x89,0x4C,0x24,0x40,0x48,0x89,0x54,0x24,0x38,0x4C,0x89,0x44,0x24,0x30,0x4C,
    0x89,0x4C,0x24,0x28,0x4C,0x89,0x54,0x24,0x20,0x4C,0x8B,0xC8,0x4C,0x8D,0x45,0x0C,0x49,0x8B,0xCF,0xE8,0x68,0x9C,0x64,0x00,
    0x48,0x83,0xC6,0x18,0x49,0x3B,0xF5,0x75,0x91,0x4C,0x8B,0xBC,0x24,0x80,0x01,0x00,0x00,0x4C,0x8D,0x65,0x04,0x33,0xFF,0x89,
    0x7D,0x70,0x48,0x8B,0x05,0x47,0x26,0x7B,0x06,0x48,0x8B,0x48,0x20,0x48,0x8B,0x99,0xD0,0x11,0x00,0x00,0x48,0x8D,0x53,0x08,
    0x48,0x85,0xDB,0x48,0x0F,0x44,0xD7,0x41,0xB0,0x01,0x48,0x8B,0x12,0x48,0x8D,0x4C,0x24,0x60,0xE8,0xC1,0xCA,0xDD,0xFF,0x90,
    0x8B,0x83,0xCC,0x00,0x00,0x00,0x41,0x39,0x04,0x24,0x75,0x18,0x8B,0x83,0xD0,0x00,0x00,0x00,0x41,0x39,0x44,0x24,0x04,0x75,
    0x0B,0x48,0xC7,0x83,0xCC,0x00,0x00,0x00,0xFF,0xFF,0xFF,0xFF,0x48,0x8B,0x5C,0x24,0x60,0x48,0x8B,0x03,0x33,0xD2,0x48,0x8B,
    0xCB,0xFF,0x50,0x20,0x80,0x7C,0x24,0x68,0x01,0x75,0x2E,0xB8,0xFF,0xFF,0xFF,0xFF,0xF0,0x0F,0xC1,0x43,0x08,0x83,0xF8,0x01,
    0x75,0x12,0xF7,0x43,0x0C,0x00,0x00,0x00,0x40,0x74,0x16,0x48,0x8B,0x03,0x48,0x8B,0xCB,0xFF,0x50,0x40,0xF7,0x43,0x0C,0x00,
    0x00,0x00,0x40,0x74,0x04,0xF0,0xFF,0x4B,0x0C,0x80,0x7D,0x41,0x00,0x74,0x30,0x48,0x8B,0x05,0xAA,0x25,0x7B,0x06,0x48,0x8B,
    0x48,0x20,0x80,0xB9,0x7E,0x10,0x00,0x00,0x04,0x74,0x1C,0xC6,0x81,0x7E,0x10,0x00,0x00,0x04,0x48,0x8B,0x89,0xC0,0x11,0x00,
    0x00,0xB2,0x04,0x48,0x8B,0x89,0x00,0x09,0x00,0x00,0xE8,0x01,0xD4,0xEE,0xFF,0x80,0x7D,0x00,0x01,0x75,0x12,0x41,0x83,0x7F,
    0x70,0x00,0x74,0x0B,0x49,0x8B,0xD6,0x48,0x8B,0xCD,0xE8,0x89,0x0C,0x00,0x00,0x48,0x8B,0x9C,0x24,0x90,0x01,0x00,0x00,0x48,
    0x81,0xC4,0x40,0x01,0x00,0x00,0x41,0x5F,0x41,0x5E,0x41,0x5D,0x41,0x5C,0x5F,0x5E,0x5D,0xC3,
};
static const U8 DialogueFinishMask[] = {
    0xFF,0xFF,0xFF,0xFF,0xFF,0xFF,0xFF,0xFF,0xFF,0xFF,0xFF,0xFF,0xFF,0xFF,0xFF,0xFF,0xFF,0xFF,0xFF,0xFF,0xFF,0xFF,0xFF,0xFF,
    0xFF,0xFF,0xFF,0xFF,0xFF,0xFF,0xFF,0xFF,0xFF,0xFF,0xFF,0xFF,0xFF,0xFF,0xFF,0xFF,0xFF,0xFF,0xFF,0xFF,0xFF,0xFF,0xFF,0xFF,
    0xFF,0x00,0x00,0x00,0x00,0xFF,0xFF,0xFF,0xFF,0xFF,0xFF,0xFF,0xFF,0xFF,0xFF,0xFF,0xFF,0xFF,0xFF,0xFF,0xFF,0xFF,0xFF,0xFF,
    0xFF,0xFF,0xFF,0xFF,0xFF,0xFF,0xFF,0xFF,0xFF,0xFF,0xFF,0xFF,0xFF,0xFF,0xFF,0xFF,0xFF,0xFF,0xFF,0xFF,0xFF,0xFF,0xFF,0xFF,
    0xFF,0xFF,0xFF,0xFF,0xFF,0xFF,0xFF,0xFF,0xFF,0x00,0x00,0x00,0x00,0xFF,0xFF,0xFF,0xFF,0xFF,0xFF,0xFF,0xFF,0xFF,0xFF,0xFF,
    0xFF,0xFF,0xFF,0xFF,0xFF,0xFF,0xFF,0xFF,0xFF,0xFF,0x00,0x00,0x00,0x00,0xFF,0xFF,0xFF,0xFF,0xFF,0xFF,0x00,0x00,0x00,0x00,
    0xFF,0xFF,0xFF,0xFF,0xFF,0xFF,0xFF,0xFF,0xFF,0xFF,0xFF,0xFF,0xFF,0xFF,0xFF,0xFF,0xFF,0xFF,0x00,0x00,0x00,0x00,0xFF,0xFF,
    0xFF,0xFF,0x00,0x00,0x00,0x00,0xFF,0xFF,0xFF,0xFF,0xFF,0xFF,0xFF,0xFF,0xFF,0xFF,0xFF,0xFF,0xFF,0xFF,0xFF,0xFF,0xFF,0xFF,
    0xFF,0xFF,0xFF,0xFF,0xFF,0xFF,0xFF,0xFF,0xFF,0xFF,0xFF,0x00,0x00,0x00,0x00,0xFF,0xFF,0xFF,0xFF,0xFF,0xFF,0xFF,0xFF,0xFF,
    0xFF,0xFF,0xFF,0xFF,0xFF,0xFF,0xFF,0xFF,0xFF,0x00,0x00,0x00,0x00,0xFF,0xFF,0xFF,0xFF,0xFF,0x00,0x00,0x00,0x00,0xFF,0xFF,
    0xFF,0xFF,0xFF,0xFF,0xFF,0xFF,0xFF,0xFF,0xFF,0xFF,0xFF,0xFF,0xFF,0xFF,0xFF,0xFF,0xFF,0xFF,0xFF,0xFF,0xFF,0xFF,0xFF,0xFF,
    0xFF,0xFF,0xFF,0xFF,0xFF,0xFF,0xFF,0xFF,0xFF,0xFF,0xFF,0xFF,0xFF,0xFF,0xFF,0xFF,0xFF,0xFF,0xFF,0xFF,0xFF,0xFF,0xFF,0xFF,
    0xFF,0xFF,0xFF,0xFF,0xFF,0xFF,0xFF,0xFF,0xFF,0xFF,0xFF,0xFF,0xFF,0x00,0x00,0x00,0x00,0xFF,0xFF,0xFF,0xFF,0xFF,0xFF,0xFF,
    0xFF,0xFF,0xFF,0xFF,0xFF,0xFF,0xFF,0xFF,0xFF,0xFF,0xFF,0xFF,0xFF,0xFF,0xFF,0xFF,0xFF,0xFF,0xFF,0xFF,0xFF,0xFF,0xFF,0xFF,
    0xFF,0xFF,0xFF,0xFF,0xFF,0xFF,0xFF,0xFF,0xFF,0xFF,0xFF,0xFF,0xFF,0xFF,0x00,0x00,0x00,0x00,0xFF,0xFF,0xFF,0xFF,0xFF,0xFF,
    0xFF,0xFF,0xFF,0xFF,0xFF,0x00,0x00,0x00,0x00,0xFF,0xFF,0xFF,0xFF,0xFF,0xFF,0xFF,0x00,0x00,0x00,0x00,0xFF,0xFF,0xFF,0xFF,
    0xFF,0xFF,0xFF,0xFF,0xFF,0xFF,0xFF,0xFF,0xFF,0xFF,0xFF,0xFF,0xFF,0xFF,0xFF,0xFF,0xFF,0xFF,0xFF,0xFF,0xFF,0xFF,0xFF,0xFF,
    0xFF,0xFF,0xFF,0xFF,0xFF,0xFF,0x00,0x00,0x00,0x00,0xFF,0xFF,0xFF,0xFF,0xFF,0xFF,0xFF,0xFF,0xFF,0xFF,0xFF,0xFF,0xFF,0xFF,
    0xFF,0xFF,0xFF,0xFF,0xFF,0xFF,0xFF,0xFF,0xFF,0xFF,0xFF,0xFF,0xFF,0xFF,0xFF,0xFF,0xFF,0xFF,0xFF,0xFF,0xFF,0xFF,0xFF,0x00,
    0x00,0x00,0x00,0xFF,0xFF,0xFF,0xFF,0xFF,0xFF,0xFF,0xFF,0x00,0x00,0x00,0x00,0xFF,0xFF,0xFF,0xFF,0xFF,0xFF,0xFF,0x00,0x00,
    0x00,0x00,0xFF,0xFF,0xFF,0xFF,0xFF,0xFF,0xFF,0xFF,0xFF,0xFF,0xFF,0xFF,0xFF,0xFF,0xFF,0xFF,0xFF,0xFF,0xFF,0xFF,0xFF,0xFF,
    0xFF,0xFF,0xFF,0xFF,0xFF,0xFF,0xFF,0xFF,0xFF,0xFF,0xFF,0xFF,0xFF,0xFF,0xFF,0xFF,0xFF,0xFF,0xFF,0xFF,0xFF,0xFF,0xFF,0xFF,
    0xFF,0xFF,0xFF,0xFF,0xFF,0xFF,0xFF,0xFF,0xFF,0xFF,0xFF,0xFF,0xFF,0xFF,0xFF,0xFF,0xFF,0xFF,0xFF,0xFF,0x00,0x00,0x00,0x00,
    0xFF,0xFF,0xFF,0xFF,0xFF,0xFF,0xFF,0xFF,0xFF,0xFF,0xFF,0xFF,0xFF,0xFF,0xFF,0xFF,0xFF,0xFF,0xFF,0xFF,0xFF,0xFF,0xFF,0xFF,
    0xFF,0xFF,0xFF,0xFF,0xFF,0x00,0x00,0x00,0x00,0xFF,0xFF,0xFF,0xFF,0xFF,0xFF,0xFF,0xFF,0xFF,0xFF,0xFF,0xFF,0xFF,0xFF,0xFF,
    0xFF,0xFF,0xFF,0xFF,0xFF,0xFF,0xFF,0xFF,0xFF,0xFF,0xFF,0xFF,0xFF,0xFF,0xFF,0xFF,0xFF,0xFF,0xFF,0x00,0x00,0x00,0x00,0xFF,
    0xFF,0xFF,0xFF,0xFF,0xFF,0xFF,0xFF,0xFF,0xFF,0xFF,0xFF,0xFF,0xFF,0xFF,0xFF,0xFF,0xFF,0xFF,0xFF,0xFF,0xFF,0xFF,0xFF,0xFF,
    0xFF,0xFF,0xFF,0xFF,0xFF,0xFF,0xFF,0xFF,0xFF,0xFF,0xFF,0xFF,0xFF,0xFF,0xFF,0xFF,0xFF,0xFF,0xFF,0xFF,0xFF,0xFF,0xFF,0xFF,
    0xFF,0xFF,0xFF,0xFF,0xFF,0xFF,0xFF,0xFF,0xFF,0xFF,0xFF,0xFF,0xFF,0xFF,0xFF,0xFF,0xFF,0xFF,0xFF,0xFF,0xFF,0xFF,0xFF,0xFF,
    0xFF,0xFF,0xFF,0xFF,0xFF,0xFF,0xFF,0xFF,0xFF,0xFF,0xFF,0xFF,0xFF,0xFF,0xFF,0xFF,0xFF,0xFF,0xFF,0xFF,0xFF,0xFF,0xFF,0xFF,
    0xFF,0xFF,0xFF,0xFF,0xFF,0xFF,0xFF,0xFF,0xFF,0xFF,0xFF,0xFF,0xFF,0xFF,0xFF,0xFF,0xFF,0xFF,0x00,0x00,0x00,0x00,0xFF,0xFF,
    0xFF,0xFF,0xFF,0xFF,0xFF,0xFF,0xFF,0xFF,0xFF,0xFF,0xFF,0xFF,0xFF,0xFF,0xFF,0xFF,0xFF,0xFF,0xFF,0xFF,0xFF,0xFF,0xFF,0xFF,
    0xFF,0xFF,0xFF,0xFF,0xFF,0xFF,0xFF,0xFF,0xFF,0xFF,0xFF,0x00,0x00,0x00,0x00,0xFF,0xFF,0xFF,0xFF,0xFF,0xFF,0xFF,0xFF,0xFF,
    0xFF,0xFF,0xFF,0xFF,0xFF,0xFF,0xFF,0xFF,0xFF,0xFF,0xFF,0x00,0x00,0x00,0x00,0xFF,0xFF,0xFF,0xFF,0xFF,0xFF,0xFF,0xFF,0xFF,
    0xFF,0xFF,0xFF,0xFF,0xFF,0xFF,0xFF,0xFF,0xFF,0xFF,0xFF,0xFF,0xFF,0xFF,0xFF,0xFF,0xFF,0xFF,
};
static const U8 DialogueFinishUnwind[] = {
    0x11,0x1C,0x0B,0x00,0x1C,0x34,0x32,0x00,0x1C,0x01,0x28,0x00,0x15,0xF0,0x13,0xE0,0x11,0xD0,0x0F,0xC0,0x0D,0x70,0x0C,0x60,
    0x0B,0x50,
};
static const DialogueRef DialogueFinishRefs[] = {
    {49,53,58,1},
    {105,109,120,1},
    {130,134,121,0},
    {140,144,122,0},
    {162,166,77,1},
    {170,174,78,1},
    {203,207,8,0},
    {225,229,6,0},
    {234,238,123,1},
    {301,305,17,1},
    {350,354,124,0},
    {365,369,125,1},
    {376,380,126,0},
    {414,418,127,1},
    {455,459,117,1},
    {467,471,112,1},
    {478,482,58,1},
    {548,552,118,1},
    {581,585,6,0},
    {619,623,85,1},
    {738,742,6,0},
    {779,783,80,1},
    {803,807,128,1},
};
static const DialoguePattern DialogueFinishPattern = {{DialogueFinishBytes,DialogueFinishMask,sizeof(DialogueFinishBytes),nullptr,0},DialogueFinishRefs,sizeof(DialogueFinishRefs)/sizeof(DialogueRef),DialogueFinishUnwind,sizeof(DialogueFinishUnwind)};
static const U8 DialogueDatabaseBytes[] = {
    0x48,0x89,0x5C,0x24,0x10,0x48,0x89,0x6C,0x24,0x18,0x56,0x57,0x41,0x56,0x48,0x83,0xEC,0x50,0x8B,0x39,0x48,0x8B,0x1D,0x25,
    0xDE,0x7A,0x06,0x3B,0x7B,0x08,0x0F,0x83,0xE2,0x00,0x00,0x00,0x48,0x8D,0x34,0xFD,0x00,0x00,0x00,0x00,0x48,0x8B,0x43,0x58,
    0x48,0x8B,0x04,0x06,0x48,0x85,0xC0,0x0F,0x85,0xD3,0x00,0x00,0x00,0x4C,0x8D,0xB3,0x90,0x00,0x00,0x00,0x49,0x39,0x06,0x75,
    0x25,0x4C,0x89,0x74,0x24,0x20,0x45,0x33,0xC9,0x4C,0x8D,0x05,0x28,0x1D,0x3C,0x05,0x48,0x8B,0x53,0x10,0x48,0x8D,0x4C,0x24,
    0x70,0xE8,0xCA,0x3B,0x00,0x02,0x8B,0x44,0x24,0x70,0x85,0xC0,0x75,0x79,0xE8,0x5D,0x55,0xE5,0x00,0x48,0x05,0xD0,0x07,0x00,
    0x00,0x48,0x89,0x83,0x98,0x00,0x00,0x00,0x49,0x8B,0x0E,0x48,0x8B,0x53,0x28,0x4C,0x8D,0x35,0x8A,0x05,0x16,0x05,0x4C,0x89,
    0x74,0x24,0x30,0xC6,0x44,0x24,0x38,0x00,0x48,0x8D,0x2D,0x19,0x05,0x16,0x05,0x48,0x89,0x6C,0x24,0x30,0x48,0x8B,0x01,0x48,
    0x89,0x44,0x24,0x40,0x8B,0x41,0x0C,0x89,0x44,0x24,0x48,0xC7,0x44,0x24,0x4C,0x00,0x00,0x00,0x00,0x8B,0x44,0x32,0x04,0x89,
    0x44,0x24,0x4C,0x4C,0x8D,0x4C,0x24,0x30,0x44,0x8B,0xC7,0x48,0x8D,0x54,0x24,0x70,0x48,0x8B,0xCB,0xE8,0x98,0x12,0x00,0x00,
    0x90,0x48,0x89,0x6C,0x24,0x30,0x4C,0x89,0x74,0x24,0x30,0x8B,0x44,0x24,0x70,0x48,0x8B,0x0D,0xBA,0x9D,0x73,0x06,0x85,0xC0,
    0x74,0x05,0x48,0x8B,0xC1,0xEB,0x08,0x48,0x8B,0x43,0x58,0x48,0x8B,0x04,0x06,0x48,0x85,0xC0,0x74,0x09,0xEB,0x0A,0x48,0x8B,
    0x0D,0x9B,0x9D,0x73,0x06,0x48,0x8B,0xC1,0x48,0x8B,0x5C,0x24,0x78,0x48,0x8B,0xAC,0x24,0x80,0x00,0x00,0x00,0x48,0x83,0xC4,
    0x50,0x41,0x5E,0x5F,0x5E,0xC3,
};
static const U8 DialogueDatabaseMask[] = {
    0xFF,0xFF,0xFF,0xFF,0xFF,0xFF,0xFF,0xFF,0xFF,0xFF,0xFF,0xFF,0xFF,0xFF,0xFF,0xFF,0xFF,0xFF,0xFF,0xFF,0xFF,0xFF,0xFF,0x00,
    0x00,0x00,0x00,0xFF,0xFF,0xFF,0xFF,0xFF,0xFF,0xFF,0xFF,0xFF,0xFF,0xFF,0xFF,0xFF,0xFF,0xFF,0xFF,0xFF,0xFF,0xFF,0xFF,0xFF,
    0xFF,0xFF,0xFF,0xFF,0xFF,0xFF,0xFF,0xFF,0xFF,0xFF,0xFF,0xFF,0xFF,0xFF,0xFF,0xFF,0xFF,0xFF,0xFF,0xFF,0xFF,0xFF,0xFF,0xFF,
    0xFF,0xFF,0xFF,0xFF,0xFF,0xFF,0xFF,0xFF,0xFF,0xFF,0xFF,0xFF,0x00,0x00,0x00,0x00,0xFF,0xFF,0xFF,0xFF,0xFF,0xFF,0xFF,0xFF,
    0xFF,0xFF,0x00,0x00,0x00,0x00,0xFF,0xFF,0xFF,0xFF,0xFF,0xFF,0xFF,0xFF,0xFF,0x00,0x00,0x00,0x00,0xFF,0xFF,0xFF,0xFF,0xFF,
    0xFF,0xFF,0xFF,0xFF,0xFF,0xFF,0xFF,0xFF,0xFF,0xFF,0xFF,0xFF,0xFF,0xFF,0xFF,0xFF,0xFF,0xFF,0x00,0x00,0x00,0x00,0xFF,0xFF,
    0xFF,0xFF,0xFF,0xFF,0xFF,0xFF,0xFF,0xFF,0xFF,0xFF,0xFF,0x00,0x00,0x00,0x00,0xFF,0xFF,0xFF,0xFF,0xFF,0xFF,0xFF,0xFF,0xFF,
    0xFF,0xFF,0xFF,0xFF,0xFF,0xFF,0xFF,0xFF,0xFF,0xFF,0xFF,0xFF,0xFF,0xFF,0xFF,0xFF,0xFF,0xFF,0xFF,0xFF,0xFF,0xFF,0xFF,0xFF,
    0xFF,0xFF,0xFF,0xFF,0xFF,0xFF,0xFF,0xFF,0xFF,0xFF,0xFF,0xFF,0xFF,0xFF,0xFF,0xFF,0xFF,0xFF,0xFF,0xFF,0x00,0x00,0x00,0x00,
    0xFF,0xFF,0xFF,0xFF,0xFF,0xFF,0xFF,0xFF,0xFF,0xFF,0xFF,0xFF,0xFF,0xFF,0xFF,0xFF,0xFF,0xFF,0x00,0x00,0x00,0x00,0xFF,0xFF,
    0xFF,0xFF,0xFF,0xFF,0xFF,0xFF,0xFF,0xFF,0xFF,0xFF,0xFF,0xFF,0xFF,0xFF,0xFF,0xFF,0xFF,0xFF,0xFF,0xFF,0xFF,0xFF,0xFF,0xFF,
    0xFF,0x00,0x00,0x00,0x00,0xFF,0xFF,0xFF,0xFF,0xFF,0xFF,0xFF,0xFF,0xFF,0xFF,0xFF,0xFF,0xFF,0xFF,0xFF,0xFF,0xFF,0xFF,0xFF,
    0xFF,0xFF,0xFF,0xFF,0xFF,0xFF,
};
static const U8 DialogueDatabaseUnwind[] = {
    0x11,0x12,0x08,0x00,0x12,0x54,0x10,0x00,0x12,0x34,0x0F,0x00,0x12,0x92,0x0E,0xE0,0x0C,0x70,0x0B,0x60,
};
static const DialogueRef DialogueDatabaseRefs[] = {
    {23,27,129,0},
    {84,88,130,0},
    {98,102,131,1},
    {111,115,132,1},
    {138,142,133,0},
    {155,159,134,0},
    {212,216,135,1},
    {234,238,136,0},
    {265,269,136,0},
};
static const DialoguePattern DialogueDatabasePattern = {{DialogueDatabaseBytes,DialogueDatabaseMask,sizeof(DialogueDatabaseBytes),nullptr,0},DialogueDatabaseRefs,sizeof(DialogueDatabaseRefs)/sizeof(DialogueRef),DialogueDatabaseUnwind,sizeof(DialogueDatabaseUnwind)};
enum { DialogueSymbolCount = 137 };
static constexpr U16 DialogueSymWorld = 6;
static constexpr U16 DialogueSymGame = 2;
static constexpr U16 DialogueSymRuleStore = 129;
static constexpr U16 DialogueSymStopVoice = 42;
static constexpr U16 DialogueSymInvalidVoiceKey = 43;
static constexpr U16 DialogueSymFinishedResult = 49;
static constexpr U16 DialogueSymAdvance = 47;
static constexpr U16 DialogueSymCurrent = 45;
static constexpr U16 DialogueSymFinish = 48;
static constexpr U16 DialogueSymDatabase = 58;
}
